Cinsiyet,Medeni Durum,Eğitim Düzeyi,İstihdam Durumu,Yıllık Ortalama Gelir,Yaşadığı Şehir,En Çok İlgilendiği Ürün Grubu,Yıllık Ortalama Satın Alım Miktarı,Yıllık Ortalama Sipariş Verilen Ürün Adedi,Eğitime Devam Etme Durumu,Öbek İsmi,Yıllık Ortalama Sepete Atılan Ürün Adedi,Yaş Grubu_18-30,Yaş Grubu_31-40,Yaş Grubu_41-50,Yaş Grubu_51-60,Yaş Grubu_>60
0,0,4,0,0.23377368510065258,1,2,0.050679131681648476,0.03934386619432744,0,obek_1,0.0170411250388288,0,0,1,0,0
0,1,2,2,0.13399555521992706,0,2,0.07176895004616773,0.08454186359727042,0,obek_1,0.029403972997056993,0,0,0,1,0
1,1,3,0,0.15833691984920165,2,4,0.04721777908790957,0.05786249301867287,0,obek_1,0.010130268724884577,1,0,0,0,0
0,0,3,0,0.13051125290698273,3,2,0.07168360745178215,0.09464081958958173,0,obek_1,0.023862433706792453,0,0,0,1,0
0,0,0,1,0.13147302955460072,1,2,0.04465975620148663,0.024385708323710585,0,obek_1,0.019034366265382074,0,0,1,0,0
0,1,2,1,0.17369905617575102,1,2,0.044665760624973905,0.10820468868967345,0,obek_1,0.032365474303263676,0,1,0,0,0
1,0,2,1,0.1418494981946447,2,4,0.06954957233637876,0.09007916487980858,0,obek_1,0.015344242110581906,0,0,0,1,0
1,1,0,1,0.08154071494302476,1,4,0.03730150885413788,0.09108307685643341,0,obek_1,0.028679699493516377,0,1,0,0,0
1,0,1,0,0.08455587467198494,3,4,0.05737628790130546,0.06608465428931794,0,obek_1,0.034340784731030714,1,0,0,0,0
1,1,1,0,0.15634925849184944,3,4,0.06481432199525958,0.11659544975052712,0,obek_1,0.01947503035333506,0,1,0,0,0
1,0,7,1,0.28037294979286853,0,4,0.5331468844162608,0.2701656141903641,0,obek_1,0.43236994618409,1,0,0,0,0
1,1,0,1,0.20002554851899887,1,4,0.0731159722163015,0.08793018137224347,1,obek_1,0.020059724732305675,0,1,0,0,0
0,0,1,1,0.09999476309023758,2,2,0.06777771698354884,0.10685324582883933,0,obek_1,0.022545379630021338,0,0,0,1,0
1,0,0,2,0.26954267860732267,2,2,0.0410148438820519,0.08585077711086632,0,obek_1,0.025470303049363756,0,0,0,1,0
1,0,1,2,0.13752685428981784,1,4,0.07725723516744565,0.05817919934640021,0,obek_1,0.03974144461885347,0,0,1,0,0
1,0,1,1,0.09636070565594065,1,4,0.05199545715733865,0.051102347986703316,0,obek_1,0.02794413022606535,0,0,0,0,1
0,1,0,1,0.17641426412191816,2,2,0.07065556542082627,0.02274758178319744,0,obek_1,0.01559299304065135,1,0,0,0,0
0,0,2,1,0.1805421312966541,3,2,0.047305661228620635,0.0,0,obek_1,0.025560682051857235,0,0,1,0,0
0,1,3,1,0.13578008690600393,3,2,0.07115045055784444,0.13404927087587035,0,obek_1,0.019654167960860766,0,0,0,0,1
1,0,1,1,0.15586471472592545,1,2,0.04087933312496789,0.09308715757404178,0,obek_1,0.022736903010882985,0,0,1,0,0
1,0,0,1,0.07276498527265113,1,3,0.042365492937547114,0.10430992564112535,0,obek_1,0.03138692255327481,0,0,0,1,0
0,1,0,1,0.12052145763731686,2,2,0.060658814708168377,0.12968590688832388,0,obek_1,0.019852259834885137,1,0,0,0,0
1,1,0,0,0.11800080773193436,0,2,0.04629098458947921,0.0797632854416642,0,obek_1,0.02316986059764893,0,1,0,0,0
1,0,6,2,0.1500921202158671,1,4,0.03109091789692138,0.1639480862224131,0,obek_1,0.02776032565588668,0,0,1,0,0
0,1,3,0,0.16309915534947078,0,2,0.057307745192305026,0.0,0,obek_1,0.018714759442400704,1,0,0,0,0
1,0,4,1,0.09710480455336282,1,2,0.03879950497323009,0.0,0,obek_1,0.03084564729497171,0,0,1,0,0
0,1,6,0,0.16434316458308543,1,2,0.04991425206377802,0.13151646011774107,0,obek_1,0.028587541292446318,0,0,0,0,1
1,1,6,1,0.1349324388439527,3,3,0.06643482410008153,0.10030415967125851,1,obek_1,0.02394766971786655,0,1,0,0,0
1,1,3,1,0.11857913986393562,1,4,0.05301800196189507,0.0805711809912691,0,obek_1,0.026622104797061057,0,0,0,0,1
1,1,2,1,0.17056846170037784,1,2,0.052335312222651684,0.043940763389827144,0,obek_1,0.030526002051206938,0,0,1,0,0
1,1,7,0,0.1628966770612087,2,4,0.06289878787520978,0.021713224099090534,0,obek_1,0.030261819471446023,0,0,1,0,0
0,0,8,0,0.15539821543057844,2,2,0.045200056776233996,0.06049523395471344,0,obek_1,0.024979155985570226,1,0,0,0,0
1,0,2,1,0.04992540110225894,1,2,0.034920620583222886,0.11357614186761397,0,obek_1,0.014406527223018897,0,0,0,0,1
1,1,3,0,0.15244230346977977,0,4,0.048908492614363114,0.04287683499051169,1,obek_1,0.02832701032584374,0,0,0,0,1
1,0,1,1,0.1887980146811823,0,2,0.044084184647845234,0.09572935094010832,0,obek_1,0.020880740419821762,0,1,0,0,0
1,1,1,0,0.11821715845624109,3,4,0.043782935872156134,0.06111750358442346,0,obek_1,0.005427021480867475,0,1,0,0,0
1,0,3,1,0.12686327844376524,3,4,0.04315681750563137,0.056659737542468246,0,obek_1,0.03650987339470002,0,1,0,0,0
1,0,3,1,0.18945994057590043,0,4,0.04575628796116468,0.09710669605598388,0,obek_1,0.009638308346378733,1,0,0,0,0
0,1,2,0,0.19918589220100888,0,2,0.0616402934573949,0.039235756676278974,0,obek_1,0.024820782657762545,0,0,0,1,0
1,1,7,1,0.15410045748151457,0,4,0.050747293563006474,0.06800297606441062,1,obek_1,0.015895830139333378,0,0,1,0,0
1,1,0,0,0.1564895223538069,0,2,0.04777697407760716,0.123235995646474,0,obek_1,0.025047086067503048,0,1,0,0,0
0,0,1,1,0.15451288979157604,2,2,0.06946003976553985,0.16611270853202656,0,obek_1,0.02846633619932639,0,1,0,0,0
0,0,2,0,0.12365006969614048,1,3,0.03760302055953234,0.0,0,obek_1,0.019296542327071287,0,0,0,1,0
1,1,3,1,0.1638352697249487,1,2,0.06329312740029186,0.036712160161809976,0,obek_1,0.03713606533661675,0,0,0,1,0
0,1,1,0,0.17294001823604624,1,2,0.057758223352879653,0.04581948377033953,0,obek_1,0.028595643478334327,0,1,0,0,0
1,0,1,0,0.05506039963900832,3,2,0.06006876931946288,0.12355077255306142,0,obek_1,0.021110180690893487,0,0,0,1,0
1,0,2,1,0.13328692998194655,1,2,0.08125434169916315,0.06302042981548998,0,obek_1,0.017190688928239425,0,0,1,0,0
1,1,1,1,0.2159870079382565,3,4,0.055734930515834544,0.0,0,obek_1,0.03147692236382845,0,0,0,1,0
1,0,1,1,0.2283726470060828,1,2,0.055243959416069396,0.09278626553919986,0,obek_1,0.016456312229718835,0,1,0,0,0
0,1,0,1,0.16468871735044946,1,2,0.06287904227796218,0.09783191015794392,0,obek_1,0.034924187692693384,0,1,0,0,0
0,0,0,1,0.19185854621662954,2,2,0.03125798750907954,0.010753562255671088,0,obek_1,0.029500053386019555,1,0,0,0,0
1,1,3,1,0.13544677328123067,2,4,0.06772157985498867,0.06264550248882132,0,obek_1,0.02757970182657539,0,0,0,1,0
0,0,3,2,0.1879243450475847,2,2,0.059835299067401204,0.042671372628032375,0,obek_1,0.020807804590380244,0,0,1,0,0
0,1,3,0,0.1695283785194665,0,2,0.06285985351251885,0.08235825596837987,0,obek_1,0.03248801888860547,0,0,0,1,0
0,0,2,2,0.07592835152612207,2,2,0.07321588721582284,0.031236091469877034,0,obek_1,0.026230579575598163,0,0,0,1,0
1,0,2,1,0.17568612424237992,1,4,0.04516688063811644,0.05457525398218228,0,obek_1,0.018170861191102783,0,1,0,0,0
1,1,3,1,0.1869535057348312,0,4,0.02709792074984506,0.06498202688955253,0,obek_1,0.02027293645324795,0,1,0,0,0
1,0,4,0,0.1366093892123828,3,4,0.05046938872943779,0.046714145324823035,0,obek_1,0.026993039873048533,0,1,0,0,0
1,0,5,0,0.14753319566796355,3,4,0.040541002506379126,0.048329891664681296,0,obek_1,0.03504032698739887,0,0,1,0,0
1,1,8,1,0.7753800074762943,0,4,0.6978636227318666,0.620898466682417,0,obek_1,0.4117344011418093,1,0,0,0,0
1,0,1,1,0.11397258938559485,2,4,0.04547087391526562,0.08811350295841834,0,obek_1,0.028286897156366494,0,1,0,0,0
0,0,8,2,0.12924874194150418,1,2,0.06367818111248177,0.06008425262680887,0,obek_1,0.026009879388597355,0,1,0,0,0
1,0,8,0,0.12861928392478597,1,4,0.06081695521680176,0.05833038552870695,1,obek_1,0.024975696086075624,0,1,0,0,0
1,1,7,1,0.17497003823724108,1,2,0.06060849732031018,0.15916830863325224,0,obek_1,0.03114359658977768,0,0,1,0,0
0,0,5,1,0.20993131724840478,1,2,0.039844965047392406,0.12288727929198905,1,obek_1,0.04005449138259842,0,0,1,0,0
0,1,0,1,0.15274514215839977,1,2,0.04455861115982761,0.09237406865684149,0,obek_1,0.00835519984978458,1,0,0,0,0
0,0,2,1,0.12068090770588064,2,2,0.05565746488400368,0.03580234577385539,0,obek_1,0.03196593789051783,1,0,0,0,0
0,1,2,1,0.06928113572620309,2,3,0.06319398442294341,0.030926002950982065,0,obek_1,0.03448476754155148,0,0,1,0,0
0,0,0,0,0.06859814447544563,1,2,0.06405508004331076,0.0675344505271739,0,obek_1,0.030579698070473914,1,0,0,0,0
1,1,6,1,0.1340895499855177,3,4,0.06635584426220711,0.1466496422502401,0,obek_1,0.02307037680367508,1,0,0,0,0
1,0,1,2,0.10557216310068765,2,2,0.053001024760721674,0.0529826377983763,0,obek_1,0.035071090288201066,0,1,0,0,0
1,0,8,1,0.08707008861741539,1,2,0.050209234369061176,0.14639410074844791,0,obek_1,0.023001094469671482,0,1,0,0,0
0,1,1,1,0.1446486388596115,1,4,0.05378091754319761,0.11109118987720049,0,obek_1,0.013429780044704912,0,0,1,0,0
1,0,0,1,0.02781146274045477,2,4,0.04943546901136983,0.062270261271081845,0,obek_1,0.02362792100318386,1,0,0,0,0
0,0,5,1,0.15445196339225678,2,0,0.039324709679980877,0.0710766214538386,0,obek_1,0.0243633102374192,0,1,0,0,0
0,1,3,0,0.17331937326773458,1,2,0.05270044041137423,0.04257962339464567,0,obek_1,0.023585259085866617,0,1,0,0,0
1,1,2,1,0.20369925203746142,1,2,0.04768023807885308,0.056993530191108505,0,obek_1,0.0314809672234116,0,1,0,0,0
0,0,0,1,0.22600460380480572,1,0,0.0483277260889326,0.14133839069831441,0,obek_1,0.03269842037562034,0,0,0,1,0
0,0,4,0,0.1256903199978783,1,2,0.07255922004682971,0.0603751840550053,0,obek_1,0.0022271773293035084,0,0,0,0,1
0,1,3,2,0.09975972756666343,1,0,0.06376840405626646,0.1375500101138103,0,obek_1,0.029058577717124577,1,0,0,0,0
1,0,0,1,0.1732906697014756,1,2,0.06145671726754322,0.10450785780502059,0,obek_1,0.026594066994805488,1,0,0,0,0
0,0,1,2,0.10723468441525116,3,2,0.06028607509573712,0.07098154792457885,0,obek_1,0.012064017083529159,0,1,0,0,0
1,1,0,1,0.16249091004095376,3,2,0.0709438151179888,0.017830077642301802,0,obek_1,0.02805820228948882,1,0,0,0,0
1,0,1,0,0.1805902916697689,3,2,0.04058394957093388,0.0949713587939754,0,obek_1,0.02703642533757626,1,0,0,0,0
1,0,2,1,0.10796284377657017,2,2,0.06215820847884289,0.08502585563220212,0,obek_1,0.03682829972394577,1,0,0,0,0
0,1,3,0,0.2293076938030694,0,2,0.06382924454439184,0.12430888734585162,0,obek_1,0.03518195617055541,0,0,0,1,0
0,0,1,1,0.16061216133059314,3,2,0.04330377024833339,0.14468830156731344,0,obek_1,0.03543348920532932,1,0,0,0,0
0,1,5,1,0.17614387175323487,3,2,0.044851477400067286,0.008758393575334832,0,obek_1,0.03837168468481803,0,1,0,0,0
1,0,1,2,0.143887545143241,1,2,0.0369433962979001,0.00152081915375798,0,obek_1,0.019286829151074478,1,0,0,0,0
1,0,4,1,0.1084588238031588,3,4,0.05230866193831556,0.12325809402090403,0,obek_1,0.025423764098255863,1,0,0,0,0
0,0,3,1,0.12955320974008297,3,2,0.05592645376831132,0.09200961660681582,0,obek_1,0.020751487794818176,0,0,0,1,0
1,0,0,1,0.17610020314848068,2,4,0.03640596399882706,0.12449622503449152,0,obek_1,0.020187788970687688,0,0,0,0,1
1,1,2,2,0.26286716800589066,1,2,0.6253632196526071,0.2955152974186228,0,obek_1,0.4592316623329491,0,0,1,0,0
0,0,0,1,0.19086355961593143,1,4,0.0553053133652473,0.1094307982233166,0,obek_1,0.03092316094420241,0,1,0,0,0
1,1,3,1,0.15234975932383213,3,2,0.04638207009527044,0.0688305060277347,0,obek_1,0.02500670300274003,0,1,0,0,0
0,0,2,1,0.14587840391378004,1,2,0.04537170004127264,0.022966100241449426,0,obek_1,0.02618391992316143,1,0,0,0,0
1,0,2,1,0.20257062038018775,3,2,0.044824097213014516,0.03659828216432847,0,obek_1,0.015879829042338228,0,0,0,1,0
0,1,1,1,0.17396043030100006,1,2,0.06976881563810267,0.08306060513608714,0,obek_1,0.020006005519542555,0,0,1,0,0
0,0,0,1,0.16363676795864013,1,2,0.05790501861785945,0.18283977193486928,0,obek_1,0.046339571429550634,0,0,1,0,0
1,0,3,1,0.22571609693537623,2,4,0.05492147901696981,0.13746747078868327,0,obek_1,0.02058090927837552,0,0,1,0,0
1,1,0,1,0.1007183381617216,1,4,0.042311753729066315,0.15943236669379052,0,obek_1,0.026536025154972172,0,0,0,0,1
0,1,8,1,0.19072692670828387,3,2,0.06961025305572305,0.022390410841618837,0,obek_1,0.01859617220958113,0,0,0,1,0
0,1,3,1,0.16931893999763084,1,2,0.06064789476389046,0.12091209751468543,0,obek_1,0.03080852028795794,0,0,1,0,0
1,0,8,0,0.24349086261256844,1,4,0.05894638902885102,0.09118651218892833,0,obek_1,0.028551362453566133,1,0,0,0,0
1,0,1,0,0.16720522526533865,1,4,0.059358642854114574,0.11609795305336319,0,obek_1,0.02073569894401288,1,0,0,0,0
1,0,1,1,0.16441389305752277,0,2,0.04544503390252039,0.006069936971531401,0,obek_1,0.019465393705028956,0,0,0,1,0
1,0,2,1,0.14341899266604222,3,4,0.052537772802003474,0.11322700694331357,0,obek_1,0.02427922898151247,1,0,0,0,0
0,0,1,1,0.15531318679452247,0,2,0.05561196428466324,0.0460012521425281,0,obek_1,0.023267036599261416,0,0,0,1,0
0,1,0,0,0.1668589326521804,1,2,0.07696410486568012,0.13953500693621845,0,obek_1,0.028678394024120354,0,0,0,1,0
1,0,1,1,0.10996490603631023,2,2,0.055427573604709374,0.0,0,obek_1,0.02265528745356076,1,0,0,0,0
0,1,1,1,0.2266456414552608,1,2,0.04842459433893667,0.0615591647377855,0,obek_1,0.032907652415701275,1,0,0,0,0
0,0,0,2,0.1158839729815708,3,2,0.048348466850281865,0.03591694410143004,0,obek_1,0.025808590155682383,1,0,0,0,0
0,0,3,2,0.22670424349072935,0,2,0.04044502518556277,0.0,0,obek_1,0.03319628074058278,0,1,0,0,0
0,0,3,1,0.27669792323526915,1,0,0.07320721134355018,0.21814444854902573,0,obek_1,0.06587340854476262,0,0,1,0,0
0,1,0,1,0.18672421066611467,1,2,0.06400918917620468,0.017336281824086686,0,obek_1,0.02213389864169194,0,0,0,1,0
1,0,3,1,0.12462905568621382,0,4,0.047170690495045506,0.07028553015661777,0,obek_1,0.029243594402545606,0,0,1,0,0
0,0,2,0,0.12700984378856717,1,2,0.04410412421690747,0.054759190827872464,0,obek_1,0.03773001574725564,0,1,0,0,0
0,0,4,1,0.12450934060721544,1,2,0.05411541733449833,0.0767530470305682,1,obek_1,0.031322516097582756,0,0,1,0,0
1,0,2,1,0.14341717139714374,3,4,0.0326674680948741,0.043823010027465324,0,obek_1,0.0337117372260838,0,1,0,0,0
0,0,0,1,0.16540170963602333,1,2,0.05123320230143476,0.0,0,obek_1,0.026272727925712516,0,0,0,0,1
1,1,6,1,0.16888580094485223,2,3,0.05024857597770939,0.06070477188945501,0,obek_1,0.02283605305254921,0,0,0,0,1
0,1,4,0,0.1817377652844761,3,2,0.05327692564674648,0.09822137998131028,0,obek_1,0.03353726337786058,0,0,1,0,0
0,0,0,0,0.18756041173358437,0,2,0.053825028481534753,0.12715578732315272,0,obek_1,0.019210763922096245,0,0,1,0,0
1,1,7,2,0.09508165516873976,3,4,0.04685630795387917,0.012986662629218198,0,obek_1,0.027788955942122655,0,1,0,0,0
1,0,2,1,0.10056414994424343,2,2,0.07241281302424549,0.026809666722636176,0,obek_1,0.031334559832543664,1,0,0,0,0
0,1,3,1,0.17963630822780463,0,2,0.07687670821897041,0.14612167550014973,0,obek_1,0.027690861134964266,0,0,0,0,1
0,1,0,2,0.13778383287163676,1,2,0.04362380233379008,0.06872613142175366,0,obek_1,0.020373987725573833,0,1,0,0,0
1,0,5,2,0.17227736090041998,3,2,0.04463737645885402,0.1268919798966677,0,obek_1,0.020513019673565974,0,0,1,0,0
1,0,3,1,0.08029699240027682,3,4,0.04947149253603371,0.07259036077145926,0,obek_1,0.023406810023242457,0,0,1,0,0
0,0,0,2,0.12104891098238357,2,2,0.03898302914943021,0.0707899854758819,0,obek_1,0.02051258269840866,0,0,0,0,1
0,0,3,1,0.16446922144866727,1,2,0.056967572893409646,0.13226770535580967,0,obek_1,0.019171150460593735,0,0,0,1,0
0,0,2,0,0.11520838680862167,3,0,0.03567606800886394,0.1014014515670957,1,obek_1,0.010802701150278891,1,0,0,0,0
1,1,0,0,0.10924670997921651,1,4,0.07267486961811159,0.05289693617502281,0,obek_1,0.031523777582693674,0,0,0,1,0
0,1,1,1,0.1306471389781116,2,2,0.05604434276475968,0.14491207631036646,0,obek_1,0.029229945497101853,0,1,0,0,0
1,1,1,1,0.22457195334774413,1,2,0.04326024731197213,0.04074867044667978,0,obek_1,0.025471112604879054,0,0,1,0,0
0,0,1,2,0.2057306918828666,3,2,0.047164590570799206,0.08809795986409856,0,obek_1,0.03145023131379289,1,0,0,0,0
0,0,3,0,0.17103786989376132,1,2,0.05853023206559012,0.12456374156733899,1,obek_1,0.017082454148639896,0,0,0,1,0
0,1,1,1,0.24412800721366554,3,2,0.05081104644325719,0.0,0,obek_1,0.03348930906629286,0,1,0,0,0
1,1,0,2,0.05432684953808247,1,4,0.039363038472871745,0.09921639668993087,0,obek_1,0.032431134307409834,0,1,0,0,0
0,0,2,0,0.18934608923368815,0,2,0.04678627973659176,0.07299641763156928,0,obek_1,0.026934657896858234,0,0,1,0,0
0,1,6,1,0.14565676035450192,0,2,0.05652671665139501,0.04038726193795426,0,obek_1,0.024552183353997753,0,0,0,1,0
1,0,1,1,0.17057134062575477,1,4,0.06737708994363814,0.04854115869562085,0,obek_1,0.02219537641637267,0,0,0,0,1
0,1,2,1,0.1593624907738539,3,2,0.05861153614604124,0.024969492733343986,0,obek_1,0.024509739817529366,0,0,1,0,0
0,1,8,0,0.16765443232830238,2,2,0.02529579740764533,0.0043540947093901215,0,obek_1,0.03666181097237403,1,0,0,0,0
1,0,2,1,0.07938173848206972,1,2,0.054510751804200494,0.04537965298058284,1,obek_1,0.029542278083588086,0,0,1,0,0
0,0,1,0,0.09180887556219122,0,2,0.04157723186580983,0.055347762215378925,0,obek_1,0.02315753642151401,0,0,1,0,0
0,0,0,1,0.11165027661422253,0,2,0.06444993370152052,0.07232540453755937,0,obek_1,0.024550449668212855,0,1,0,0,0
1,1,1,1,0.1592136896992756,0,2,0.07528716864816218,0.045808259864311286,0,obek_1,0.023519016352648248,0,1,0,0,0
0,0,2,2,0.170596558844043,1,2,0.05460777431144068,0.10185668355381843,0,obek_1,0.03150328090699132,0,0,0,1,0
0,1,0,2,0.19142605187878595,2,2,0.07073124544388992,0.12779396719419497,0,obek_1,0.03348961519685601,0,0,0,1,0
1,0,0,0,0.09841584609595896,0,2,0.05031530169317837,0.08878401449642254,1,obek_1,0.007381865461089314,0,0,0,1,0
0,0,1,2,0.15580004230527658,1,2,0.02124961194682211,0.10092406883513819,0,obek_1,0.04151529930184454,0,1,0,0,0
0,1,1,1,0.12132746560882449,1,2,0.05714533501177696,0.07588754223545141,0,obek_1,0.028272894843934283,0,0,1,0,0
1,0,5,2,0.18305075715192784,1,4,0.045293463578900586,0.025637007831745818,0,obek_1,0.006811088421250104,0,1,0,0,0
1,1,3,2,0.1782870160200307,1,2,0.06641519100335361,0.07377741842572054,0,obek_1,0.02585534139278093,0,0,0,1,0
1,0,5,0,0.07623730822336697,1,4,0.05095637054031338,0.10035623683326503,1,obek_1,0.020206556626599516,1,0,0,0,0
1,0,1,0,0.16579618329166823,3,4,0.057765769068130385,0.06603429613955372,0,obek_1,0.026016840952477784,0,0,1,0,0
0,0,3,2,0.08703575788449003,0,2,0.050365636554566356,0.10115620157117076,0,obek_1,0.01073620904620622,0,0,1,0,0
1,1,3,1,0.1594098643348138,0,2,0.06933365860741356,0.05616634836494859,0,obek_1,0.03919705379920387,0,1,0,0,0
0,0,2,0,0.16810039361247303,2,2,0.054622847309674386,0.07398792620415479,0,obek_1,0.028851391418013704,1,0,0,0,0
1,1,0,2,0.19439610628592746,0,2,0.051326725766914064,0.09834559310795278,0,obek_1,0.035363144368806464,0,1,0,0,0
1,0,3,2,0.1512122264307697,1,3,0.061102179509197,0.0473946294550288,0,obek_1,0.024951504742829998,0,0,1,0,0
0,1,0,0,0.1484552678076407,0,2,0.06381543275790555,0.12073890418741434,0,obek_1,0.016045465405101468,0,1,0,0,0
1,0,8,2,0.10028851967178329,3,2,0.061625022446567465,0.0,0,obek_1,0.03773340085911441,0,1,0,0,0
0,1,2,1,0.20530890778932004,3,2,0.06056264255636132,0.13013832446607465,0,obek_1,0.02601828229777732,0,0,0,1,0
0,0,3,1,0.1471821429412103,2,2,0.05083870077199268,0.15038013647936424,0,obek_1,0.03399809416530201,0,1,0,0,0
0,0,0,1,0.09487793273954334,0,2,0.047978450673563586,0.07053919294708395,0,obek_1,0.023228039623515703,0,0,0,1,0
0,0,8,1,0.09922779848615992,2,2,0.051673537726378505,0.0056813769926388836,1,obek_1,0.02698509497873574,0,0,1,0,0
1,1,1,1,0.13454524054614098,3,4,0.060215109087574936,0.08298181314642014,0,obek_1,0.01867046615404657,0,0,1,0,0
0,0,6,1,0.26745869688797563,1,1,0.4939743183967093,0.3710167193252304,0,obek_1,0.4309272421490402,0,0,0,0,1
0,0,0,2,0.15136916034141837,3,2,0.041717370314089744,0.06610847150431369,1,obek_1,0.011013741033102632,1,0,0,0,0
1,0,8,0,0.16411206915732016,1,2,0.0726888210983854,0.11097945351701659,0,obek_1,0.016607438604950217,0,0,1,0,0
1,1,2,1,0.11266732029281251,1,2,0.040259875115011834,0.05092267000614225,0,obek_1,0.020528277828513034,1,0,0,0,0
1,0,0,1,0.18198631970619092,1,2,0.05836478884215947,0.02247583219784669,0,obek_1,0.016444020452960326,0,0,1,0,0
1,1,1,1,0.10954065592291612,2,2,0.03636509696898915,0.033363293096366375,0,obek_1,0.035253612875624854,1,0,0,0,0
1,1,0,1,0.20525591658668904,1,4,0.05410149739461674,0.12910991766625532,0,obek_1,0.02682788953757686,0,0,1,0,0
1,0,8,1,0.21659210098986195,3,4,0.05490170966403274,0.10087867548842641,0,obek_1,0.027548953144149603,0,0,0,1,0
0,1,4,1,0.16484694497143945,1,2,0.05767310212017722,0.0812663058871652,0,obek_1,0.03954634705456145,1,0,0,0,0
1,1,2,0,0.1653256081359021,1,4,0.05232253490704715,0.07116961861696058,0,obek_1,0.03130979881546376,0,1,0,0,0
0,1,2,1,0.08171217959896304,1,4,0.057760947244260785,0.037678397405129266,0,obek_1,0.031658335884964174,0,0,0,1,0
0,1,2,1,0.11937522622360447,0,2,0.05337782540129306,0.06407685730294438,0,obek_1,0.02820700098738079,0,1,0,0,0
1,1,5,1,0.12212024361708754,1,2,0.04100457370211233,0.06049306729702905,0,obek_1,0.02632604247186622,0,0,0,1,0
0,0,3,1,0.12724755232236304,2,4,0.06686760867694777,0.11793259135899335,0,obek_1,0.03704543168649309,0,1,0,0,0
1,0,3,1,0.18122606504309785,1,2,0.04092096987787128,0.05117718927474544,0,obek_1,0.012321529144987096,0,0,1,0,0
1,0,5,0,0.24069517404175614,0,4,0.0496386418504777,0.09091628544646482,1,obek_1,0.024505633613338816,0,1,0,0,0
1,0,1,0,0.20805497652070076,0,2,0.05488846140066138,0.05286101225091404,0,obek_1,0.030999374434902915,0,0,0,1,0
1,0,8,1,0.16830711633325227,1,2,0.05900665028248643,0.14922553932972546,0,obek_1,0.027319751054610347,0,0,0,0,1
0,1,1,1,0.1552049177619372,1,2,0.04489011693815381,0.09251213559479433,0,obek_1,0.03316152352208098,0,0,1,0,0
0,0,1,1,0.20574998432816818,3,2,0.048804080209206055,0.0766270789211531,0,obek_1,0.028634066381215156,1,0,0,0,0
0,0,1,2,0.16040802493750034,1,2,0.050324506890684226,0.09706716196359837,0,obek_1,0.02080751180049291,1,0,0,0,0
0,0,2,1,0.18089630766456902,3,0,0.02294006260856607,0.1377415637160014,0,obek_1,0.35337383024872876,1,0,0,0,0
0,1,2,0,0.19815660435893273,1,2,0.06028929852509238,0.10066194223105375,0,obek_1,0.018971135714224853,0,1,0,0,0
1,0,6,2,0.17086102160006464,1,4,0.029462303200998977,0.11651642943328655,0,obek_1,0.014900669337982925,0,0,1,0,0
0,0,0,2,0.19872718258035071,2,2,0.060578714103941445,0.019840003643209543,0,obek_1,0.024728612888481494,0,0,0,1,0
0,0,1,1,0.1537482741387197,2,2,0.06309894927495599,0.038437633570929,0,obek_1,0.027278169334763742,0,0,0,1,0
0,1,3,0,0.20877668669936497,1,2,0.052411038486917805,0.03905078777978477,0,obek_1,0.03721684620409301,1,0,0,0,0
1,0,0,0,0.19590167779897708,1,2,0.057369274829044484,0.15307203033023442,0,obek_1,0.027022467868147854,0,0,1,0,0
0,1,3,1,0.15182900175598035,1,2,0.05897950182097911,0.06002956469232434,0,obek_1,0.0352411094847944,0,0,0,0,1
0,1,6,1,0.2592002141511197,0,3,0.5427958432457163,0.31857089908984554,0,obek_1,0.40193438282176225,0,0,1,0,0
1,1,4,2,0.12748637020619671,0,2,0.05284971765657574,0.10749172283545334,0,obek_1,0.025796583852169756,0,1,0,0,0
0,0,5,1,0.26799444226015867,2,3,0.0646316936660577,0.21841390753784837,0,obek_1,0.0752180601880228,0,0,0,1,0
0,0,0,1,0.18065154688068674,0,2,0.04717803046813358,0.03580932199344764,0,obek_1,0.03050163583212763,0,0,1,0,0
1,1,8,1,0.08209893865212942,3,4,0.062078561329343085,0.11490891415312728,0,obek_1,0.01446484028565756,0,0,0,1,0
1,1,0,1,0.09056897222922744,0,2,0.03698691559585238,0.01560973527217164,0,obek_1,0.022155483421141035,0,0,0,1,0
0,0,1,0,0.2498832676900217,0,2,0.04772489190758453,0.04142219882857562,0,obek_1,0.024023429025713916,1,0,0,0,0
1,1,2,2,0.08180268746466451,1,2,0.048214733800235526,0.0,1,obek_1,0.016142627202153786,0,0,0,0,1
1,1,2,1,0.18169936696775724,2,2,0.06850939693040031,0.13081043133985135,0,obek_1,0.018776054773981928,0,1,0,0,0
0,1,1,1,0.21813607043907682,3,2,0.0709882661000226,0.04120755274478966,0,obek_1,0.01943845515231258,1,0,0,0,0
1,0,4,2,0.1263231377403442,3,2,0.053756570922125796,0.07887481150976486,1,obek_1,0.01557866314982935,1,0,0,0,0
1,0,2,1,0.20478771750227182,1,2,0.053604507176152935,0.13594518700373157,0,obek_1,0.03985603982386193,1,0,0,0,0
1,1,4,1,0.22528362338254224,0,2,0.05237094964537628,0.08399395404199772,0,obek_1,0.006083185732069049,1,0,0,0,0
0,0,1,0,0.1522782344739739,1,4,0.052546462526489965,0.0,0,obek_1,0.021646866477964787,0,1,0,0,0
0,0,1,0,0.09544977938728502,3,2,0.0595836217608358,0.02695485618255327,0,obek_1,0.019644906603785615,1,0,0,0,0
1,1,4,0,0.1446627800059048,1,3,0.06601812253578496,0.06364893425513266,0,obek_1,0.02008228489463388,0,0,1,0,0
0,1,3,1,0.1409205408219532,2,2,0.06451749553570427,0.1211686431184673,0,obek_1,0.041978791996644706,0,0,0,0,1
1,0,1,2,0.158351378472281,3,3,0.04813839728787925,0.026652643605526626,0,obek_1,0.0408202895097448,0,0,0,1,0
0,0,5,1,0.07906439243486182,1,2,0.052994058079647674,0.0,0,obek_1,0.0295510477603569,0,0,0,1,0
1,0,0,1,0.22358166205689908,0,4,0.03624929227242231,0.12440222834498987,1,obek_1,0.03269965563088578,0,0,1,0,0
0,0,0,1,0.13523634281289218,3,4,0.07515020488823987,0.06251380269865112,0,obek_1,0.012136797327770624,1,0,0,0,0
1,1,4,1,0.0488916407082653,2,2,0.07086017845194584,0.01244219516017763,0,obek_1,0.02833052128688287,0,1,0,0,0
0,0,2,1,0.10700961945589432,0,4,0.07850128299527864,0.10555618923827736,0,obek_1,0.013461820285884402,0,1,0,0,0
0,0,0,2,0.17250377883273227,1,2,0.04301329015231223,0.05691180225875915,0,obek_1,0.03151095153033086,0,1,0,0,0
0,1,0,2,0.20849890033593865,1,2,0.06688453425331833,0.0687902787003813,0,obek_1,0.018949363489205354,0,1,0,0,0
1,0,1,1,0.2048781329337582,2,4,0.029248468263836952,0.04035910691690152,0,obek_1,0.02087545050342119,0,0,1,0,0
1,0,1,1,0.2323329516363927,3,2,0.0467082958755491,0.06753378004266092,0,obek_1,0.028207993828044182,0,0,1,0,0
1,0,0,0,0.16634884063889516,0,2,0.057267772605936865,0.1284496390716781,0,obek_1,0.019425758346960205,0,0,1,0,0
0,0,6,0,0.20159157987834875,0,2,0.05315042034039483,0.05614928675290551,0,obek_1,0.028308591312572275,0,0,0,0,1
0,1,3,0,0.10800281764562455,1,0,0.07432701971187725,0.09829411698680027,0,obek_1,0.03825988349161894,0,1,0,0,0
0,0,2,1,0.12233377454465735,0,2,0.0483666696283528,0.024771965827735044,0,obek_1,0.01565880403312285,0,0,1,0,0
1,0,1,1,0.20084832185921828,3,3,0.046382510588035566,0.08800290250416544,0,obek_1,0.026391436657670277,1,0,0,0,0
1,1,4,1,0.16001034960667848,0,3,0.12455264238100955,0.9065325812979103,1,obek_1,0.6216850805533268,1,0,0,0,0
0,1,1,2,0.09104841326860294,1,4,0.057343177859802474,0.0922415145223721,0,obek_1,0.015904574208267637,0,0,1,0,0
0,0,1,1,0.2099662702789152,2,2,0.057911996431696935,0.043077816505775475,0,obek_1,0.024277797833603613,0,0,1,0,0
0,0,3,0,0.1645815190829088,0,2,0.06892506452468755,0.07381791672163206,0,obek_1,0.021836082318392673,1,0,0,0,0
1,1,1,1,0.15671702388434364,0,2,0.053438139225807105,0.04361772512260016,0,obek_1,0.02374292113149489,0,0,0,0,1
0,1,4,1,0.20239712754563519,3,3,0.048940485334412975,0.10472671432070749,0,obek_1,0.03029233769311062,0,0,0,1,0
0,0,4,0,0.3078048873461371,3,3,0.09346374416621986,0.24164219057125733,0,obek_1,0.05149840175636617,1,0,0,0,0
0,1,2,1,0.23511940092923142,1,2,0.050959731674479106,0.04309538297624661,0,obek_1,0.02462144600892572,1,0,0,0,0
1,0,2,0,0.17839483242026563,1,2,0.053272080323696555,0.029186833125427688,0,obek_1,0.016849470141960372,0,1,0,0,0
1,1,7,2,0.18577257898699004,0,4,0.03658578474748228,0.14160270677343645,0,obek_1,0.027647677286621958,1,0,0,0,0
1,1,0,1,0.19078991085527805,1,4,0.06941833355474661,0.08332820269398203,0,obek_1,0.014509618348434634,1,0,0,0,0
0,0,2,0,0.09182273379756159,0,2,0.050445062998572446,0.09540792428301707,0,obek_1,0.011347881941551542,0,0,1,0,0
1,0,3,0,0.10814704735813402,2,3,0.024916860953746026,0.26285909505050903,0,obek_1,0.18998592587172977,0,1,0,0,0
0,1,2,1,0.17757694898480963,3,2,0.04665337525321596,0.046166077670252645,0,obek_1,0.030701594690674502,0,0,0,0,1
0,1,6,0,0.1724918289243182,1,2,0.07339481958085572,0.07356632809003388,0,obek_1,0.01966471680398804,0,0,1,0,0
0,0,6,2,0.18577542005391556,3,2,0.06425649361643279,0.06074935684555395,0,obek_1,0.02935266105153623,0,0,0,0,1
0,0,1,0,0.14379327155566562,1,2,0.05459198774601316,0.13740648571668854,0,obek_1,0.030575208071013348,0,1,0,0,0
1,1,2,2,0.18491493132537026,1,4,0.0653829855458514,0.09746168195254497,1,obek_1,0.009734552014352926,0,0,0,1,0
0,1,1,0,0.1968997687751032,0,2,0.06998789947150746,0.1690566629287702,0,obek_1,0.03870567791446887,0,1,0,0,0
1,1,0,2,0.1430744168370625,2,4,0.07924785758483727,0.0,0,obek_1,0.029120423918398725,0,0,1,0,0
0,1,3,0,0.10405223456794213,3,2,0.026462235978049573,0.13044104331622625,0,obek_1,0.018675906405712032,0,1,0,0,0
1,1,0,1,0.21488547636042474,3,2,0.03881105909362165,0.09207495300796964,0,obek_1,0.023043030214732127,1,0,0,0,0
1,0,2,1,0.0820288710676701,3,3,0.05349010103137125,0.04203195990054458,0,obek_1,0.02296474378844391,0,0,0,1,0
0,0,5,2,0.15384192852826728,2,3,0.0575022337630714,0.10148040189169402,0,obek_1,0.01579883661336709,1,0,0,0,0
1,0,5,3,0.38023059338745857,3,4,0.7941257913831636,0.47606597171779413,0,obek_1,0.1782802607171963,0,0,0,0,1
0,1,1,1,0.0973254692921014,1,2,0.07209221634283008,0.05606652371532597,0,obek_1,0.02196794736516393,1,0,0,0,0
1,0,0,1,0.08843335874974745,2,2,0.049925098876113336,0.10583822437826146,0,obek_1,0.020608068527654747,0,1,0,0,0
1,0,7,1,0.12349315720813686,1,4,0.05052679678022669,0.018884068825372188,1,obek_1,0.023730155957358653,1,0,0,0,0
0,0,0,0,0.14281044267196244,0,0,0.037253571338976416,0.023420384257561384,0,obek_1,0.03632268333686159,1,0,0,0,0
1,1,5,0,0.8185922533668392,0,1,0.5449570451298675,0.6432067092482912,0,obek_1,0.3447840178664889,1,0,0,0,0
0,1,5,0,0.17324320154898282,0,2,0.05765707193301402,0.1087216773138887,0,obek_1,0.03169059258290004,0,0,1,0,0
1,0,2,0,0.12044289923398357,1,2,0.06708317772243691,0.10272890135503858,0,obek_1,0.02801618703613143,1,0,0,0,0
1,1,3,1,0.1633168589817307,3,4,0.052058063368213794,0.0633681788591954,0,obek_1,0.030557562105656327,1,0,0,0,0
0,1,6,1,0.16172768892361195,1,2,0.059521545482374344,0.10071647155799306,0,obek_1,0.02357490365277371,0,0,1,0,0
1,0,0,2,0.10401029023604866,3,2,0.06507706454496748,0.09320458205556163,0,obek_1,0.008580368389067054,0,0,0,1,0
0,1,3,2,0.17910400125529727,3,2,0.06545200282260585,0.14240048080697243,0,obek_1,0.021918345449538683,0,0,0,1,0
1,0,2,2,0.12484795666345519,0,4,0.045391951623134905,0.11268642079286935,0,obek_1,0.029108567269219683,1,0,0,0,0
0,0,2,1,0.11027771668674768,0,3,0.05695843849176824,0.13326915298079076,0,obek_1,0.020716039994936798,0,0,0,1,0
1,0,1,2,0.18856290228514988,1,4,0.06483439372672625,0.06954841591139288,0,obek_1,0.025591809709009698,0,0,1,0,0
1,1,7,1,0.15117941654704847,0,2,0.04892505256571472,0.1582584660631349,0,obek_1,0.026217757574130203,1,0,0,0,0
1,0,3,1,0.17128577129402178,0,1,0.1340793284580836,0.7006790623694497,1,obek_1,0.7695851970074112,1,0,0,0,0
1,1,0,2,0.10202985323449973,2,4,0.04282864477808679,0.011751350965932677,0,obek_1,0.0237591746288717,1,0,0,0,0
1,1,4,2,0.21512740364039637,2,2,0.04906648187087548,0.06876206603691189,0,obek_1,0.021849640151312757,1,0,0,0,0
1,0,0,1,0.1482665969807308,1,4,0.0649425749509561,0.05999225344364721,0,obek_1,0.041770434743285775,0,0,1,0,0
0,0,3,1,0.16182465244213512,2,2,0.045095270594239734,0.05720008087583046,0,obek_1,0.02758710005628759,0,1,0,0,0
0,1,4,2,0.21217269457966662,3,2,0.05335569882693049,0.03861509980576996,0,obek_1,0.025792513715307157,0,0,0,1,0
0,0,0,1,0.13149633879046455,3,2,0.05015602566447763,0.09229337602568281,0,obek_1,0.02386963263673967,0,0,1,0,0
1,0,1,1,0.1405278797470222,0,4,0.05419650562165114,0.051223994957205164,0,obek_1,0.02724442570804529,0,1,0,0,0
1,1,1,0,0.19387708907676188,0,3,0.07068768267164022,0.10788026185975887,0,obek_1,0.03810907962836036,0,1,0,0,0
1,1,2,2,0.10472524650884618,2,4,0.07250015876512769,0.13883492809717676,0,obek_1,0.021485609003779153,0,0,1,0,0
1,0,0,2,0.14529052531838615,1,3,0.06212782596393658,0.014469507064113428,0,obek_1,0.00997778477379321,1,0,0,0,0
0,1,1,2,0.24350079997370225,2,2,0.04001210606986384,0.11457243225615282,0,obek_1,0.014373613416405973,0,0,1,0,0
1,1,8,0,0.1465216033947223,0,3,0.049085988673908884,0.07774586511590408,0,obek_1,0.031270352478199814,0,0,0,0,1
1,1,0,2,0.1386092752791586,2,2,0.05844607997517222,0.0,0,obek_1,0.026437574778424754,0,0,0,0,1
1,1,0,1,0.06348510358713327,0,4,0.07410271101692473,0.08131919671413515,0,obek_1,0.027335984007475576,0,1,0,0,0
0,1,7,1,0.14590015331092776,3,2,0.054054172967103076,0.09401306308043463,0,obek_1,0.01737135684821179,0,0,1,0,0
0,1,3,1,0.15112696283795787,2,2,0.05945519727150396,0.06329260925603461,0,obek_1,0.02216033813590839,0,1,0,0,0
1,1,8,0,0.08858173337732736,3,3,0.03645306247607452,0.0651600706337848,0,obek_1,0.0146609756403345,0,1,0,0,0
0,0,3,1,0.1815672956045689,3,2,0.06401776823968236,0.12482044808407283,0,obek_1,0.03192743963502452,1,0,0,0,0
1,1,7,1,0.24596792279534072,0,4,0.06717997750184293,0.013251217369924807,0,obek_1,0.01619755503670093,0,0,1,0,0
1,1,3,2,0.1284111922192463,0,4,0.0527579698023832,0.034193242879390094,0,obek_1,0.023818980793511968,0,1,0,0,0
1,0,3,1,0.12652305930434155,1,2,0.052283843642300515,0.08417255313113599,0,obek_1,0.03593565405113193,0,1,0,0,0
1,0,1,1,0.16069104318217395,2,4,0.06870149855235907,0.05570536220545442,0,obek_1,0.03859187356855034,0,0,1,0,0
1,0,3,1,0.2060344989724531,1,4,0.05779099282051618,0.028370643810282536,0,obek_1,0.027962485226563735,0,0,1,0,0
1,0,2,1,0.1546966307336494,3,2,0.04923685551802057,0.0031448560864980155,0,obek_1,0.014128207727330234,0,0,0,1,0
1,1,3,1,0.21097293934796651,2,2,0.07117712006992574,0.12319197865489478,0,obek_1,0.016762796376798686,0,0,0,0,1
1,0,2,0,0.16546618045859482,1,3,0.04815478567862794,0.03788354903567408,0,obek_1,0.019640158782971782,0,0,0,1,0
0,0,5,1,0.09580293472875759,0,2,0.07132038460342222,0.09083842825695948,0,obek_1,0.016612730507338067,0,1,0,0,0
0,0,7,1,0.16552094932925374,2,2,0.04357226906054147,0.0,0,obek_1,0.01070001336332729,0,0,0,0,1
0,0,3,0,0.20362986375575168,2,2,0.06353019929876447,0.08423419265790531,1,obek_1,0.03179246133358412,0,0,0,0,1
1,1,0,1,0.15433937189833966,1,3,0.07168169825290033,0.07078020562282537,0,obek_1,0.025194148372437976,1,0,0,0,0
1,1,1,1,0.09225867823526857,3,3,0.05405795951433229,0.0,0,obek_1,0.01964299437630669,0,0,1,0,0
0,0,2,1,0.14881215989659344,3,0,0.046333005521383974,0.09017923475419225,0,obek_1,0.032861620255640246,1,0,0,0,0
1,0,1,2,0.17345720702571218,1,4,0.03760801058250102,0.0985646707190559,0,obek_1,0.02466178886655021,0,0,0,1,0
1,0,0,0,0.23673742269279016,3,2,0.059752374083739845,0.07262929123166528,0,obek_1,0.03394036457375174,1,0,0,0,0
1,1,0,0,0.13227167773033083,2,2,0.06824093432850359,0.12961109793430525,0,obek_1,0.02793424994850178,0,1,0,0,0
0,0,2,0,0.1281123060452429,3,2,0.06390296251982353,0.08512812908624073,0,obek_1,0.02437289332987421,0,0,0,1,0
0,0,1,0,0.2315279141899638,0,2,0.040682751670965564,0.0072374534064767225,0,obek_1,0.029623734368358766,0,0,0,0,1
0,1,1,1,0.1757433706245166,1,2,0.049886213409314484,0.12946120223846527,0,obek_1,0.01841025219164589,0,0,1,0,0
1,0,3,1,0.22834055435245407,1,2,0.023679792546803177,0.12199922424557466,0,obek_1,0.0201783889750093,0,1,0,0,0
1,0,0,0,0.18951005178185704,0,4,0.0668501141717806,0.001316187364864535,0,obek_1,0.024240234157833426,0,1,0,0,0
1,0,0,0,0.2108570786301837,1,4,0.03177510052050042,0.05762545675746975,0,obek_1,0.030393074280809597,1,0,0,0,0
0,0,0,1,0.08895098709457919,3,2,0.05989232867593078,0.035939641358100564,0,obek_1,0.019563459473639168,1,0,0,0,0
0,1,0,2,0.1763557760614693,1,2,0.06535574525386209,0.02456819913478901,0,obek_1,0.036623508095467674,0,0,0,1,0
0,0,0,0,0.19223608468833212,1,2,0.04533542241977204,0.14270058169115266,0,obek_1,0.028080754525515374,0,1,0,0,0
1,1,0,2,0.10630640817035081,0,2,0.05673104382547614,0.06669246808307482,0,obek_1,0.0067657169924862405,0,1,0,0,0
0,0,2,1,0.21810201254369152,0,2,0.04589649869909687,0.12834566126040228,0,obek_1,0.023416020691110796,0,0,0,1,0
1,0,8,0,0.06970700455934992,0,2,0.06130154526590281,0.1237187728029868,0,obek_1,0.02931883670415935,0,0,1,0,0
1,0,2,1,0.14302445811822534,1,3,0.035801371335104665,0.0,0,obek_1,0.02228752255819965,1,0,0,0,0
1,0,6,1,0.19231546056323362,1,2,0.07257382368959056,0.09983831497326699,0,obek_1,0.016624750710601148,1,0,0,0,0
1,1,8,1,0.19191860836536376,2,2,0.05451134306507756,0.15010025994230883,0,obek_1,0.03501031470397818,0,0,0,1,0
0,0,5,1,0.07591004944829882,1,3,0.06229564326041853,0.004384044194001392,0,obek_1,0.02781455581584244,0,1,0,0,0
0,0,0,1,0.07769122641081741,2,2,0.051530667105611105,0.10674340770605484,0,obek_1,0.03001292271275162,0,1,0,0,0
0,1,6,1,0.12295177127643367,3,2,0.05453834073145433,0.054170675269139094,0,obek_1,0.022155831100688105,1,0,0,0,0
1,0,0,1,0.12097584263716563,0,2,0.07123776528596937,0.052211841672634624,0,obek_1,0.022612046294977144,0,0,0,0,1
1,1,0,2,0.23769962041283246,1,4,0.054410597701210026,0.03896272758006523,0,obek_1,0.023263437602573385,1,0,0,0,0
0,0,2,3,0.3674212277645008,3,0,0.8528809656851732,0.43183479119800144,0,obek_1,0.22036354678443337,0,0,0,0,1
0,0,0,2,0.09689776164805564,2,2,0.044099439154028364,0.12524482852497218,0,obek_1,0.031119261268736334,1,0,0,0,0
1,0,0,0,0.21305994437792428,3,2,0.05559028343086217,0.06402101912115579,0,obek_1,0.03922953049524137,0,0,1,0,0
1,0,1,0,0.17238614731278715,0,2,0.04322033198887852,0.04048401682809817,0,obek_1,0.033579044126959424,0,0,0,1,0
1,0,3,1,0.2431932748524673,1,2,0.04177969372082706,0.09745523840754088,1,obek_1,0.012364145181513762,0,1,0,0,0
1,0,2,1,0.14419920506524347,3,2,0.04476628361157771,0.09277127485510914,0,obek_1,0.036464578293313524,0,0,1,0,0
1,0,8,1,0.05958335776562957,0,2,0.07190136452642373,0.09653637528804888,0,obek_1,0.015839856506592087,1,0,0,0,0
0,0,4,1,0.18985064041650235,0,2,0.07209341563325311,0.0,0,obek_1,0.024914912085852926,0,1,0,0,0
1,1,3,2,0.22672905445645422,0,2,0.05535799680533657,0.06823120502373242,0,obek_1,0.01958573936238698,1,0,0,0,0
0,0,3,1,0.22340245201191425,2,3,0.07410875266786693,0.26217623847715854,0,obek_1,0.06910272494691075,0,0,1,0,0
1,1,0,0,0.1047290365153295,3,2,0.04983417317391996,0.08187498784369365,0,obek_1,0.047741918638209306,0,0,1,0,0
1,0,1,0,0.15910679403334269,2,4,0.06096255468938508,0.09967342895009584,0,obek_1,0.012262550705467334,0,0,0,0,1
1,1,0,1,0.08337352440782622,3,4,0.05406814610931823,0.12429521267399513,0,obek_1,0.025043748803589755,0,0,0,1,0
1,0,0,1,0.1407295702198364,1,4,0.03678134880233695,0.018870684101780257,0,obek_1,0.028926802905025403,1,0,0,0,0
0,1,0,1,0.05060095991450534,3,2,0.05628849650711003,0.02840667001190511,0,obek_1,0.017961728400230255,0,0,1,0,0
0,0,3,1,0.10620172152297921,1,4,0.061523436158037584,0.1434832777538864,0,obek_1,0.022211913027439127,1,0,0,0,0
1,1,0,0,0.1338294531042888,3,2,0.05758037467777108,0.11324489736770105,1,obek_1,0.036320106461494875,0,0,0,0,1
1,0,1,0,0.11788110375446217,1,2,0.05704528059289138,0.09641737696742445,0,obek_1,0.03297638565622427,0,0,1,0,0
1,1,2,1,0.13385498960033634,3,2,0.0518235522589873,0.05727055363440618,0,obek_1,0.029603367367375816,0,1,0,0,0
1,0,3,0,0.10968273875885073,1,2,0.04885146916978189,0.04223461317499499,0,obek_1,0.023400631658422384,1,0,0,0,0
1,1,3,2,0.11824133208080892,1,2,0.06811792118171045,0.08928858423318935,0,obek_1,0.008984169091309124,1,0,0,0,0
1,1,0,1,0.18770100610191795,0,4,0.05721701836042524,0.06330394117709072,0,obek_1,0.00047371575638172764,0,0,1,0,0
0,1,3,2,0.16014854653960858,0,1,0.03654276358772013,0.17331034415077523,0,obek_1,0.38024658880293616,0,1,0,0,0
1,1,8,0,0.16335366997758213,3,4,0.0696124846972207,0.07323161015318959,0,obek_1,0.03532873170316519,0,0,1,0,0
1,0,0,1,0.1757660794485578,0,2,0.05487017021543887,0.08518715076899167,0,obek_1,0.01685161063355152,0,1,0,0,0
1,1,2,1,0.13367628962427017,0,2,0.0409631548661797,0.12119622488514138,0,obek_1,0.03356344572590453,1,0,0,0,0
0,0,1,1,0.10943480674284045,0,2,0.07041059432046956,0.07162286340180962,0,obek_1,0.040847172597280726,0,0,1,0,0
1,0,5,1,0.1491592149682689,3,4,0.043688017818971164,0.07717274758030285,0,obek_1,0.03690736703082255,0,0,0,1,0
0,1,3,2,0.2715358714541679,3,2,0.046840306281272295,0.10092412159019304,0,obek_1,0.03544642776706052,0,0,0,1,0
1,0,0,0,0.11297270722640917,2,2,0.05694619633130504,0.06049572979199568,0,obek_1,0.030208752954897937,1,0,0,0,0
0,0,8,1,0.138434754779171,0,2,0.044482390981793504,0.09947163672797714,0,obek_1,0.02968336754999036,0,0,1,0,0
0,1,5,1,0.28868072093423114,1,1,0.4975690759616372,0.2660551193490861,0,obek_1,0.3694277982420189,0,1,0,0,0
0,0,3,1,0.18838235994153082,1,3,0.09441344116965861,0.24229033017141138,0,obek_1,0.057768353854467595,0,1,0,0,0
0,0,1,0,0.20142176362753136,3,2,0.07397780873774734,0.09850997162506697,0,obek_1,0.015186671160254392,0,0,1,0,0
1,0,2,0,0.192851669183857,3,3,0.04633767714433541,0.0690898470903275,0,obek_1,0.025903549510835594,1,0,0,0,0
1,0,0,0,0.12388141401032526,1,2,0.058513587352989754,0.06265737901461949,0,obek_1,0.0307314932989207,0,1,0,0,0
0,1,0,2,0.1399865770022823,3,4,0.07055344123502263,0.042808418500797,0,obek_1,0.034176239129597503,1,0,0,0,0
1,0,1,1,0.11176293449068625,0,3,0.057987317463531945,0.13759001808784768,1,obek_1,0.03279134805030578,0,0,0,1,0
0,0,3,1,0.10150529426100968,0,2,0.044350075095716576,0.14726221433631814,0,obek_1,0.028244391235255635,0,0,0,1,0
0,0,2,0,0.04701827184787399,2,2,0.043791325592715744,0.09296008931035785,0,obek_1,0.016544318388772447,1,0,0,0,0
1,1,3,1,0.14374574506699736,1,4,0.06414842887192612,0.07222467778459549,0,obek_1,0.025951806134133337,0,0,0,1,0
1,1,2,0,0.11279436107185753,2,2,0.05205148142530651,0.12397010839287054,0,obek_1,0.031126079054763223,0,0,1,0,0
0,1,2,1,0.19434670485602543,1,2,0.04317693971019142,0.07174754909920104,0,obek_1,0.017827813161168958,0,1,0,0,0
1,0,2,0,0.19349045703219028,2,4,0.0663742140479239,0.15800025210364033,0,obek_1,0.02614775068420966,0,0,0,1,0
1,1,1,1,0.04564918754875965,1,4,0.05857054736790486,0.07286140122431038,0,obek_1,0.022205968493318462,0,1,0,0,0
1,0,2,1,0.14759300499916564,1,3,0.04995222685913332,0.08517928369984369,0,obek_1,0.014999160941760077,0,0,1,0,0
1,0,3,1,0.1576938775089048,1,4,0.051295189653009846,0.10959465139982101,0,obek_1,0.02147152841939432,0,0,1,0,0
0,0,1,1,0.23899327253313765,0,2,0.06506508533398844,0.12130825990414731,0,obek_1,0.026227747580853507,0,0,1,0,0
1,0,0,1,0.13253427689224806,1,4,0.07295155529479846,0.12240944012344479,0,obek_1,0.027118884926838074,1,0,0,0,0
1,0,8,1,0.1090272735706275,3,2,0.05331433910985578,0.12717829887075455,0,obek_1,0.017791312127075458,0,0,1,0,0
1,0,2,2,0.170749731530787,3,2,0.038994224752051415,0.017009208148131953,0,obek_1,0.004728377767149114,0,1,0,0,0
1,0,6,2,0.18630315368878805,1,2,0.05599476821885174,0.0637400403877623,0,obek_1,0.030715822186090105,1,0,0,0,0
1,1,1,1,0.20279035573725854,3,4,0.05672159595022566,0.0484685725268037,0,obek_1,0.03891898840102601,1,0,0,0,0
0,1,2,0,0.2116420900497475,3,2,0.06322073537450343,0.09737761101997573,0,obek_1,0.03300534731631371,0,0,0,0,1
1,1,6,2,0.6106290175687916,2,1,0.6740105369461482,0.6492848243565793,0,obek_1,0.38948075678133764,1,0,0,0,0
1,0,4,0,0.20281122365813975,0,3,0.06498048117347113,0.03984360673201584,0,obek_1,0.03803378406299221,1,0,0,0,0
0,0,8,2,0.15019608546853144,2,2,0.06717020204594173,0.037964800073254354,0,obek_1,0.02460216713227375,1,0,0,0,0
0,1,3,1,0.11333326902819574,0,2,0.05998085821155007,0.05294693761930675,0,obek_1,0.013815675136930033,0,1,0,0,0
1,0,4,1,0.14994020942284467,1,4,0.04575430009863267,0.0,0,obek_1,0.023679421670905296,0,1,0,0,0
1,0,1,1,0.18354440531561655,3,2,0.02715066647075097,0.0660604682827525,0,obek_1,0.019426325506634985,0,0,1,0,0
0,1,0,1,0.13602780189449454,2,2,0.06806631824450057,0.042129973911667846,0,obek_1,0.021034325482586276,0,1,0,0,0
1,0,0,1,0.21245749122720117,1,2,0.05064108887730853,0.025988398186905324,0,obek_1,0.020645767499628917,0,0,0,1,0
1,0,3,2,0.06767977197519559,3,4,0.05045927494070761,0.072495979608671,1,obek_1,0.02234678932177172,1,0,0,0,0
0,0,0,1,0.158165812299749,1,2,0.05137316650910974,0.10308449343416,0,obek_1,0.012879181653988242,0,0,1,0,0
0,0,3,2,0.22445330512505954,2,2,0.014500668322575433,0.06745030006305501,0,obek_1,0.021453621837203944,0,0,0,1,0
1,1,0,2,0.07895937459668217,2,2,0.07583563460000067,0.08220683416468155,0,obek_1,0.017818482680069372,0,0,1,0,0
1,0,3,1,0.09616270965547827,1,2,0.05849615145213159,0.11409567317836651,0,obek_1,0.0404604684786293,1,0,0,0,0
0,1,1,1,0.12335985715893036,0,2,0.06027322908138216,0.05708906687042602,0,obek_1,0.015758179436829042,0,1,0,0,0
0,1,0,1,0.18275149877672095,1,2,0.06539325404556237,0.0,0,obek_1,0.03275179018204557,0,0,0,1,0
1,1,0,1,0.1654610911064073,0,4,0.04676781829044914,0.08685010706993021,0,obek_1,0.03057815241924111,1,0,0,0,0
1,1,2,0,0.10588415029181072,1,2,0.05482077195901422,0.030127332854078284,0,obek_1,0.02351426485753319,0,0,1,0,0
1,1,0,1,0.10236425613655759,0,4,0.057036162354636266,0.07083154535165756,0,obek_1,0.022039777571106665,1,0,0,0,0
0,0,7,2,0.19559476229764697,3,2,0.051063001000489786,0.11680269370141995,0,obek_1,0.02567137799373593,1,0,0,0,0
0,0,1,0,0.13633360904203498,1,0,0.041146102393404604,0.052190373710581654,0,obek_1,0.027167524399586238,0,0,1,0,0
1,0,4,1,0.10722353425416203,1,4,0.039338410083004274,0.07140649997877632,0,obek_1,0.01384728218061674,0,0,0,0,1
1,0,0,2,0.1713995591686868,0,4,0.05074088866480002,0.06354777909934961,0,obek_1,0.04489212591730946,0,1,0,0,0
1,0,3,1,0.11208954740110372,1,4,0.06501176713059575,0.07475034884571,0,obek_1,0.040301576703075104,0,0,0,1,0
0,0,0,1,0.12954685906748722,1,2,0.046113281402143214,0.04039514442207283,0,obek_1,0.0369588148583725,1,0,0,0,0
0,1,2,0,0.25436125600528975,3,2,0.05702181905786419,0.06727342259328901,0,obek_1,0.0015499203469057053,0,0,0,1,0
0,0,1,1,0.13323104022648133,0,4,0.055344629782498406,0.10329267074312871,0,obek_1,0.01379040902503659,0,0,0,1,0
1,1,1,0,0.14500054669986848,3,4,0.04889881037926448,0.002066209023214319,0,obek_1,0.033998815716657714,0,0,1,0,0
1,0,5,1,0.2234551369606628,3,3,0.07283421644631224,0.005081184425349937,0,obek_1,0.010654781977749328,1,0,0,0,0
1,0,1,0,0.09859009446805594,1,2,0.03543377887704331,0.04506068626749902,0,obek_1,0.03697021707021498,0,1,0,0,0
1,0,0,1,0.13572126295135695,3,2,0.06669278440137513,0.08127651988790528,0,obek_1,0.029936459301336878,0,0,1,0,0
1,0,0,1,0.19521411592732707,0,2,0.05536792283136946,0.0,0,obek_1,0.016664780408434825,0,0,1,0,0
1,0,1,0,0.1484655061699443,3,4,0.07560282069199037,0.11974456611825,0,obek_1,0.039089827002206694,1,0,0,0,0
0,0,1,0,0.18724796218607945,1,2,0.04202865586097623,0.09284470360736553,0,obek_1,0.012342538736728897,0,0,1,0,0
0,1,3,1,0.19307812282344433,2,2,0.060343421695249616,0.027241409556228464,0,obek_1,0.015212141353664561,0,1,0,0,0
1,0,0,1,0.2621306856998991,1,4,0.054474989831427,0.07370479732684417,0,obek_1,0.024195117528962175,0,0,1,0,0
0,0,3,1,0.16473054578895402,1,2,0.06039926435929005,0.10032306675914934,1,obek_1,0.01051032979014926,0,0,0,1,0
1,0,8,1,0.09683875335678427,2,3,0.05254007744430758,0.11599392950242567,0,obek_1,0.014759009316135663,1,0,0,0,0
0,1,3,0,0.156137878510672,0,3,0.06918031568248884,0.02330016930437843,0,obek_1,0.02700536485339034,0,0,1,0,0
1,0,2,0,0.16271340368292828,2,2,0.05620797261196209,0.04094110767605699,0,obek_1,0.020458424959501113,1,0,0,0,0
1,1,2,2,0.1173792005739894,1,4,0.0698474412336228,0.1090507676895199,0,obek_1,0.02308249658649529,0,0,1,0,0
1,0,0,0,0.14037700100121006,2,2,0.043171183190277504,0.13885243122724839,0,obek_1,0.03169260495240957,0,1,0,0,0
1,0,0,1,0.17493930595314516,1,2,0.06522169956809107,0.0906688023059703,0,obek_1,0.025592524212512492,0,0,1,0,0
0,1,3,0,0.12295032171005085,0,2,0.06479692262470477,0.010898794604329331,0,obek_1,0.024416396807321952,0,0,1,0,0
1,1,2,1,0.15714188152316744,1,4,0.061769166423275915,0.14249870668707484,0,obek_1,0.021944976420184642,0,0,1,0,0
0,1,3,0,0.12895416122617265,0,2,0.04520917109030585,0.09361712278843576,0,obek_1,0.028204235288093613,0,1,0,0,0
1,0,2,2,0.1880710726361254,3,2,0.0511760250364814,0.13953324030731967,0,obek_1,0.024145460601761454,0,0,1,0,0
0,0,4,1,0.15377973253224766,1,2,0.04997268716350789,0.09117979045381826,0,obek_1,0.02096813425853574,0,0,0,1,0
0,0,0,2,0.16018673114388118,2,2,0.053603268025716425,0.06900583962909695,0,obek_1,0.03813824787702443,0,0,0,1,0
0,0,0,0,0.09383541130385475,3,2,0.07303340748384327,0.04462694935351287,0,obek_1,0.023436705457396276,1,0,0,0,0
0,0,3,1,0.12722749421682605,1,2,0.04082541265422254,0.10818756876506624,0,obek_1,0.04208471797614318,0,0,1,0,0
1,1,0,1,0.18277006298536216,2,3,0.04922841869670343,0.02571411319660391,0,obek_1,0.030462749158532823,0,0,1,0,0
1,0,3,0,0.09225026569296904,3,4,0.05545199299466616,0.15505038643176994,0,obek_1,0.034108240311704306,0,0,0,1,0
1,1,1,0,0.16193179502092922,3,3,0.0624488019418199,0.052159944107770535,0,obek_1,0.039076265628205945,0,0,0,0,1
1,0,1,1,0.18527402679906232,1,2,0.05766200269397327,0.045627335584695596,0,obek_1,0.005718474937324754,0,1,0,0,0
1,0,5,0,0.6001606677704626,0,0,0.6467698900734231,0.655397336831618,0,obek_1,0.45105043908165243,0,1,0,0,0
0,0,3,2,0.07280311645269927,1,2,0.04231299509201447,0.06772059935239567,0,obek_1,0.026944831419406047,0,0,1,0,0
1,0,0,1,0.13668882022417098,1,2,0.045588772950916956,0.16183166639073526,0,obek_1,0.03342490889436894,1,0,0,0,0
0,1,0,0,0.1378913003172549,3,2,0.044140599173336,0.12363059265471957,0,obek_1,0.021590115006063816,0,0,1,0,0
1,0,0,1,0.09147699526197345,3,4,0.07857083985697694,0.09702855755940623,0,obek_1,0.02659273176645536,0,0,0,1,0
0,0,0,1,0.15254645814867088,3,0,0.05594727954300187,0.0638380336650739,0,obek_1,0.028243838428497293,0,0,0,0,1
0,1,3,0,0.18381499404551974,3,2,0.028981620413705417,0.14718608755232998,0,obek_1,0.024865383109472186,0,0,1,0,0
1,0,0,0,0.18235411487352143,3,4,0.052273897143281386,0.11154662399634283,0,obek_1,0.013553257204139926,0,0,1,0,0
1,0,2,1,0.17187803946727787,1,4,0.0562137721692714,0.06502408691807796,0,obek_1,0.020523904757131027,0,1,0,0,0
1,0,1,1,0.17992266143853605,3,4,0.050215232029266046,0.07286020940760225,0,obek_1,0.019809867620327118,1,0,0,0,0
1,0,3,2,0.1893923588566411,1,2,0.0731913539992135,0.05775993017611512,0,obek_1,0.028951194139283813,1,0,0,0,0
0,1,2,1,0.09651127181415892,0,0,0.05769392985880263,0.01173160189193592,0,obek_1,0.004497302293726871,1,0,0,0,0
0,0,0,0,0.10930796415443114,1,2,0.06585449519827957,0.0,1,obek_1,0.025373333979818266,0,0,1,0,0
1,1,3,0,0.1298731701413453,2,4,0.06313502275206329,0.09290776284481886,0,obek_1,0.021689021912152426,0,0,0,0,1
0,1,3,0,0.12920454190718872,1,1,0.022226007943319775,0.1609089565376429,0,obek_1,0.3277746926795471,1,0,0,0,0
0,1,1,0,0.14247972020109942,2,2,0.06535242543547332,0.03641648434099698,0,obek_1,0.02433099859666841,0,1,0,0,0
0,1,2,0,0.14155742543428454,0,2,0.0539430439596872,0.11877959720069098,0,obek_1,0.0235806151897267,0,0,1,0,0
1,0,3,0,0.1469373544161844,1,2,0.056468158388133516,0.0,0,obek_1,0.023652105760408708,0,0,0,0,1
0,1,1,2,0.14014559300961904,2,2,0.04745001832803346,0.08836253537576849,1,obek_1,0.031175820143693987,0,0,1,0,0
0,0,7,0,0.0627195254063046,3,2,0.0476188185121033,0.08936762199458198,0,obek_1,0.015226825995458826,0,1,0,0,0
1,1,2,1,0.13970726613719675,1,4,0.05944978705483721,0.1645432115400466,0,obek_1,0.02949027408134361,0,1,0,0,0
0,0,5,0,0.20794726192535534,3,2,0.07233270225627417,0.08849897607804388,0,obek_1,0.033882146513497344,0,0,0,1,0
1,0,3,1,0.06876736865909477,1,2,0.03952488040560946,0.07818762627810474,0,obek_1,0.03647909839493041,0,0,1,0,0
1,0,4,2,0.13940743237440537,2,2,0.05194615083823882,0.11933652531186265,0,obek_1,0.021232698637098847,0,0,1,0,0
0,0,0,2,0.2188707360509525,2,2,0.04330881504499562,0.1015882256167977,0,obek_1,0.01802453053153616,0,1,0,0,0
1,0,8,1,0.16238913138794614,0,3,0.0588907345733464,0.1298790579455684,0,obek_1,0.01955530015468685,0,1,0,0,0
0,0,7,1,0.12373453821469008,2,2,0.05256464423929719,0.059005412625789545,0,obek_1,0.025836222928746384,0,0,0,1,0
1,0,0,1,0.09464676597440747,1,3,0.059417269455695074,0.046212905937175405,0,obek_1,0.002646819271384677,1,0,0,0,0
0,1,0,0,0.21281715605550258,0,2,0.06006961557875065,0.06958932857748701,0,obek_1,0.03814532806488157,1,0,0,0,0
0,1,3,1,0.1603900016851034,3,2,0.05780831493777688,0.12418982076859454,1,obek_1,0.03250655497731467,0,0,1,0,0
1,0,2,2,0.2429131916887339,0,2,0.049350948095533684,0.04507350221663223,0,obek_1,0.016460216616079326,0,1,0,0,0
0,1,2,0,0.19337680983388336,3,2,0.08035242711471469,0.0604442769520361,0,obek_1,0.015683177275430407,0,0,0,1,0
0,1,0,1,0.23902676656275865,1,0,0.11024749146508911,0.24967749878408896,0,obek_1,0.05325788971908905,0,0,0,1,0
1,1,3,2,0.1147946065966208,3,2,0.07342045635759895,0.04576598845562282,0,obek_1,0.023325245511976317,1,0,0,0,0
0,0,3,0,0.25131261284666706,0,0,0.07062001164217777,0.21175603685769953,0,obek_1,0.0769543161409533,0,0,1,0,0
0,1,8,1,0.20188732170518645,3,2,0.03862174764037141,0.10896144104123548,1,obek_1,0.0348588849015438,0,1,0,0,0
1,0,2,1,0.17171659232239275,1,2,0.06160376639422241,0.0636139360085017,0,obek_1,0.041067119424796024,1,0,0,0,0
0,0,3,1,0.1441208315316554,3,2,0.053281299755460365,0.06026310941264601,0,obek_1,0.022587937108191868,0,0,0,1,0
0,1,3,2,0.20946395295650502,0,2,0.0731215839860454,0.07164683375316297,0,obek_1,0.022125421313118385,0,0,0,1,0
0,0,5,0,0.11722089435536628,3,2,0.033910326275116656,0.1320659435815094,0,obek_1,0.024780189217482783,0,0,1,0,0
0,0,0,0,0.2121368337958673,0,2,0.05794874584245391,0.0,0,obek_1,0.022333000524774778,0,0,1,0,0
1,0,1,1,0.19850459432408582,3,4,0.0788550795408873,0.03301243433424415,0,obek_1,0.03170151478638025,1,0,0,0,0
1,1,2,1,0.13531303400663544,1,4,0.06165779284626499,0.029024109437051495,0,obek_1,0.03459531999746128,0,0,0,0,1
1,0,6,1,0.11094112297651151,2,4,0.08219935711475407,0.0623538377623552,0,obek_1,0.02915483363554633,0,0,0,1,0
0,0,2,0,0.09741741158759851,2,2,0.04298331452809792,0.13198887539648604,0,obek_1,0.025717970332219862,0,1,0,0,0
0,1,2,1,0.21443721749809594,3,2,0.06061021127372014,0.13137897166207574,0,obek_1,0.01893019725268936,0,1,0,0,0
0,0,3,0,0.12029476369592901,1,2,0.08057960558774174,0.09583685452163185,0,obek_1,0.027003861228453288,0,0,0,1,0
0,0,0,0,0.18784128855845608,1,2,0.059086090429284616,0.1039324942442749,1,obek_1,0.033052500182960506,0,0,0,1,0
0,0,2,2,0.1205314473112872,1,2,0.037822563635383485,0.0,0,obek_1,0.029871594282448198,0,0,1,0,0
1,1,0,1,0.11444128756709088,1,3,0.05008989044603743,0.05770768793692459,0,obek_1,0.023789361361162588,0,0,1,0,0
1,1,2,0,0.12380324613277419,1,4,0.0642609739649817,0.09797289023534576,1,obek_1,0.0407743838737284,1,0,0,0,0
1,0,2,1,0.09145578910300675,2,4,0.06432582838968787,0.09520977679456552,0,obek_1,0.01926955435247312,0,0,0,0,1
1,1,6,1,0.14183843812666458,3,2,0.03693817419481969,0.0890529992548268,0,obek_1,0.043731667369238336,0,0,0,1,0
1,1,7,1,0.09109091039426134,1,4,0.04589104769365042,0.05676234195850575,0,obek_1,0.02200485360855809,1,0,0,0,0
1,1,0,0,0.11733124070895068,1,4,0.04667511712618458,0.1576588448665934,0,obek_1,0.037056735563095265,1,0,0,0,0
1,1,2,1,0.12429405221131057,0,2,0.06039821679416259,0.06687237360359698,0,obek_1,0.013521526040376403,0,0,0,1,0
0,0,2,1,0.1615236966041109,3,4,0.04586778758176012,0.016367746138430964,0,obek_1,0.026501352671583267,1,0,0,0,0
1,0,6,1,0.23440734261716598,0,2,0.4924667124693292,0.31993991902948027,0,obek_1,0.36176230444974244,0,0,1,0,0
0,0,2,2,0.16410865607724634,2,2,0.04687637486799788,0.1492435138543767,0,obek_1,0.030464443878936695,0,0,1,0,0
0,0,1,0,0.17037610718266907,3,2,0.05960448670636037,0.0,0,obek_1,0.016008170516026377,0,0,1,0,0
0,0,3,1,0.14179662983793093,1,2,0.05771465553058282,0.1101794662714917,0,obek_1,0.022614306273916744,0,1,0,0,0
1,1,1,0,0.160013246268838,3,4,0.0871940879511637,0.08121815620953718,0,obek_1,0.03382262180516917,0,0,0,0,1
0,1,8,2,0.1358331576180438,1,2,0.06403092133672544,0.09922917972733222,0,obek_1,0.040900478337777595,0,0,1,0,0
1,0,1,1,0.14881321771746364,1,2,0.055377479304758406,0.051453870384645196,0,obek_1,0.023844342524790653,1,0,0,0,0
0,0,7,0,0.08342309896480912,1,2,0.05494541084946014,0.05875699722689043,0,obek_1,0.027786823430161277,1,0,0,0,0
0,1,1,1,0.1446617310082557,1,2,0.0403452337937905,0.038567410721700834,0,obek_1,0.018569452552772682,0,0,1,0,0
0,0,2,2,0.16175770341169787,3,2,0.06635108290565625,0.11029592169145852,0,obek_1,0.014101840254641982,0,0,0,1,0
1,1,3,1,0.2232281626703251,3,4,0.04382797226291896,0.02808086217372867,0,obek_1,0.018286249352870508,0,1,0,0,0
1,1,6,1,0.13854921819046384,3,4,0.044375111242472176,0.11300439860022789,0,obek_1,0.02398803011197237,0,0,1,0,0
1,1,0,0,0.18412094788755898,1,2,0.055761539786248676,0.07411129334974288,1,obek_1,0.026527899414093885,0,0,0,1,0
0,1,4,1,0.1257207956667631,1,2,0.052151049252831386,0.0,0,obek_1,0.027694245869480542,0,1,0,0,0
0,0,0,0,0.17598259022751908,2,2,0.06650085372783446,0.05370503085833622,0,obek_1,0.020384783506170075,0,0,1,0,0
0,1,1,2,0.10365468911866402,1,2,0.04376994680526866,0.0998849884741898,0,obek_1,0.035277324715458976,0,1,0,0,0
0,1,0,2,0.09791667675037419,1,2,0.04404810554272516,0.09517031497992497,0,obek_1,0.021249032556724126,0,1,0,0,0
1,1,3,2,0.04236214151333748,3,4,0.04301641880279773,0.09756319949059274,0,obek_1,0.03750110041449746,0,0,0,1,0
1,1,8,1,0.16076683210350745,1,2,0.046623435612287406,0.06711048270016275,0,obek_1,0.021954228000027665,0,0,0,1,0
0,0,8,2,0.19329356262869712,3,2,0.04554008113169883,0.1046714181745295,0,obek_1,0.016470806988243714,0,0,0,1,0
0,0,2,2,0.18607638264009335,1,0,0.04987508706939822,0.10716800760405745,0,obek_1,0.020482776259115938,1,0,0,0,0
1,1,1,0,0.18782018445670695,1,2,0.06043661373982004,0.1161353068405788,1,obek_1,0.014797339496923405,1,0,0,0,0
0,0,3,1,0.17728768728851882,0,2,0.04698657514921918,0.05206494113444172,0,obek_1,0.03214522007985037,0,1,0,0,0
1,0,8,1,0.19660907452596216,1,4,0.04451684718827774,0.08651886529377782,0,obek_1,0.01779453294913757,1,0,0,0,0
0,1,2,1,0.18619721199124853,3,2,0.049582161292765645,0.10019362837552323,0,obek_1,0.010475236495070466,1,0,0,0,0
1,0,5,1,0.15620499264778423,2,4,0.05236315890615527,0.07538965872939822,0,obek_1,0.026373035717500888,0,0,0,1,0
1,1,3,1,0.2283520297175173,1,2,0.04994272861937815,0.15835127641268124,0,obek_1,0.026242920287784008,0,1,0,0,0
0,1,3,2,0.12643188123636717,3,2,0.07219622253126695,0.045013521017224604,0,obek_1,0.025128306966352612,1,0,0,0,0
0,0,7,1,0.12307336233481364,1,2,0.06234736517970256,0.011021568399972356,0,obek_1,0.0300191598217647,0,0,0,1,0
1,0,2,0,0.160111038361252,2,4,0.07315558490985505,0.08396755886661435,0,obek_1,0.02451613913046148,0,1,0,0,0
1,1,1,2,0.09536704044811917,0,4,0.0645854775965446,0.12044570913808417,0,obek_1,0.015965974452776956,0,0,0,1,0
0,0,4,2,0.27502840450215094,2,2,0.054118531188566035,0.1108623919847106,0,obek_1,0.051208578690952196,0,0,0,0,1
0,0,3,0,0.24721391721023092,1,2,0.053847173938673096,0.12596354031675316,0,obek_1,0.017461967158521184,0,1,0,0,0
1,0,0,0,0.13513630567744103,2,4,0.04562025757706567,0.06155668428181764,0,obek_1,0.0,0,1,0,0,0
0,0,0,0,0.1616807183762162,1,2,0.05197516202683311,0.055630107054989435,0,obek_1,0.016292102781292762,0,1,0,0,0
0,1,4,0,0.9596424643650117,0,1,0.7941647805056524,0.6235604698261986,0,obek_1,0.387932693815,1,0,0,0,0
0,0,8,1,0.21201876312411996,3,3,0.04844632785639387,0.11151590975196614,0,obek_1,0.024127564200252458,0,0,0,1,0
0,0,2,2,0.10588808432459504,1,2,0.05324274243653333,0.12472375386846554,0,obek_1,0.017339266341668935,0,0,0,1,0
0,0,3,2,0.09014861973085439,0,2,0.04973631732157256,0.022202335405611704,0,obek_1,0.0288726283212302,0,0,0,1,0
0,0,5,1,0.10231611637877686,3,4,0.06398353289005188,0.039376770146059406,0,obek_1,0.034110544302996454,1,0,0,0,0
1,0,2,0,0.18664185680937503,3,2,0.062329524174382894,0.06697025905470123,0,obek_1,0.030258000368070817,0,0,1,0,0
0,1,3,0,0.11400880987175843,2,3,0.043237222126553176,0.03281254111824114,0,obek_1,0.021684309836385633,1,0,0,0,0
0,1,8,1,0.13620248187874762,3,2,0.0629631624160033,0.06865762876276306,0,obek_1,0.016370783925563875,0,0,0,1,0
0,0,2,1,0.15579438430915918,1,2,0.054362515934440955,0.14547514654759627,0,obek_1,0.022877135327570478,0,0,0,1,0
0,1,2,1,0.11638273707095259,0,2,0.07264590248100128,0.03751357989730412,0,obek_1,0.024604076758621155,0,0,1,0,0
0,0,0,1,0.20386187284656365,1,2,0.05651809769796433,0.07579471142078033,0,obek_1,0.023291255859738222,0,0,1,0,0
1,0,4,1,0.11041971400435627,1,4,0.04498438010640267,0.13337324250122373,0,obek_1,0.02127044564939143,1,0,0,0,0
0,0,2,1,0.15376917238268226,2,2,0.03619702016324457,0.10476757570738883,0,obek_1,0.019852115665108874,0,0,1,0,0
1,1,5,3,0.38758867614060105,2,2,0.8486551667917348,0.464155579870903,0,obek_1,0.18749700618301762,0,0,0,1,0
1,0,3,1,0.04515721381993757,3,2,0.06417575784197799,0.1383251926693576,0,obek_1,0.020813454572984474,1,0,0,0,0
0,1,2,1,0.2396632417610541,3,2,0.06828875433601331,0.04557737645034815,0,obek_1,0.026569484301093176,0,1,0,0,0
0,0,5,1,0.5209800284835548,0,2,0.6436335921671648,0.6104556257383599,0,obek_1,0.39902388078332474,1,0,0,0,0
1,0,1,0,0.10742906015227519,2,2,0.05288061011470499,0.12406105453837346,0,obek_1,0.034832967214836114,0,0,0,1,0
1,1,0,0,0.17311992861797224,1,4,0.05222824968834508,0.0969607146802567,0,obek_1,0.020696826334953865,0,0,0,1,0
0,0,0,0,0.2731329127487416,0,2,0.06068287272199467,0.038338776854123104,0,obek_1,0.030132754704550832,0,0,0,1,0
0,1,8,1,0.17617757084640456,3,2,0.05046612168431379,0.07028661512564963,0,obek_1,0.01894607825877935,0,0,0,1,0
1,0,3,0,0.0941531795939059,1,2,0.03967864029251339,0.07915542681454124,0,obek_1,0.004771365706331007,1,0,0,0,0
0,1,0,1,0.13892190334818008,2,2,0.042252388758594564,0.036761368915765855,0,obek_1,0.02025098106608477,1,0,0,0,0
0,0,1,0,0.1923142393697924,2,2,0.08381719993207326,0.12397069742364875,0,obek_1,0.027356277730339454,1,0,0,0,0
0,1,0,0,0.15278242991546248,0,2,0.05223802597710177,0.1197195610148168,0,obek_1,0.015769101395134794,1,0,0,0,0
1,1,8,0,0.15967055914377043,3,2,0.06761774541055449,0.12738404222707406,0,obek_1,0.01784709320307125,0,0,1,0,0
0,1,0,2,0.15233863211377588,0,2,0.05696941581395712,0.1032619497673274,0,obek_1,0.03185259279636959,0,1,0,0,0
0,0,7,2,0.1513949744457286,2,0,0.06146030421169227,0.06318100668426276,0,obek_1,0.02716301003423416,0,1,0,0,0
0,0,3,2,0.26099301056044166,1,2,0.031886476080929455,0.059908957593831455,0,obek_1,0.026243844435912142,0,0,0,1,0
0,1,3,2,0.13131661412876436,1,2,0.05143765892919579,0.06212543731638273,0,obek_1,0.032215198742730294,0,0,0,1,0
0,0,3,2,0.05987668717569929,1,2,0.04950810805060432,0.0,0,obek_1,0.015622369054091291,0,0,0,1,0
0,1,7,2,0.2383803376795798,3,2,0.05015812778217374,0.06744762724488823,0,obek_1,0.024508310437345686,0,0,0,0,1
1,0,8,0,0.1803035956095127,2,4,0.06943977026712922,0.08103210852399707,0,obek_1,0.0277849881521108,0,0,1,0,0
0,0,8,0,0.10490828434417637,3,2,0.06427897183606679,0.03423486025257446,0,obek_1,0.02190118983889878,0,0,1,0,0
0,0,7,0,0.14263582825257823,1,2,0.05418498959320761,0.07625177433259074,0,obek_1,0.03279338166030272,0,1,0,0,0
1,1,0,2,0.19654802726396906,2,2,0.056909269666578305,0.07338237064372559,0,obek_1,0.03133743047123802,0,0,0,1,0
1,0,8,0,0.14672423773504661,1,4,0.039712282179706154,0.04766485629614383,0,obek_1,0.029686288179707428,0,0,0,1,0
0,0,0,1,0.1341186442594916,1,2,0.06192202599245329,0.06664859565964287,0,obek_1,0.03759950544245551,1,0,0,0,0
1,0,2,1,0.16902994305777921,1,2,0.06238374792189112,0.03700375841404558,0,obek_1,0.03307892180275411,0,0,1,0,0
0,1,3,1,0.14969928199201493,3,2,0.06413542604156891,0.027281696668197707,0,obek_1,0.025663150809891407,0,0,0,0,1
0,1,1,1,0.13580819883808756,0,2,0.07333449633640501,0.08035929999997046,0,obek_1,0.02866977725697102,0,0,1,0,0
1,1,3,1,0.1665701075720856,3,2,0.07793763433557233,0.09194904659871678,0,obek_1,0.03229800206363219,1,0,0,0,0
0,0,2,1,0.16546329533361206,0,2,0.05619237212614689,0.1527492116447433,0,obek_1,0.026634097716992253,0,1,0,0,0
0,0,3,0,0.14750323486017802,0,2,0.051298150113946867,0.06297624554420737,0,obek_1,0.01975618670095098,0,0,0,0,1
1,0,2,0,0.1782725706363304,3,4,0.05124360117666078,0.03232928012753662,0,obek_1,0.0318077122147207,1,0,0,0,0
1,0,3,1,0.20796901534748072,2,2,0.0457102510178046,0.10514501513485977,0,obek_1,0.0118176549626599,1,0,0,0,0
0,0,1,1,0.08608155751392507,2,2,0.04711890311523424,0.0,0,obek_1,0.015400966181492962,1,0,0,0,0
1,0,1,0,0.1668298702030798,1,2,0.07006454991254613,0.014490658963991241,0,obek_1,0.022856216943345622,1,0,0,0,0
0,0,3,0,0.16814811934074822,2,2,0.05042687981512051,0.0,0,obek_1,0.027981577715479065,0,0,1,0,0
0,1,0,2,0.24463242199027155,2,2,0.031103248499262715,0.11263641410250524,0,obek_1,0.040676432405872605,0,1,0,0,0
0,0,1,0,0.16861602226473207,1,2,0.07132974798285041,0.0,0,obek_1,0.03056555929663965,1,0,0,0,0
0,1,3,0,0.10849640789690912,3,2,0.05832588239730571,0.022601647893104954,0,obek_1,0.019543551805025157,1,0,0,0,0
0,1,3,1,0.07504362935848419,1,2,0.04721364153005521,0.11133964785501053,0,obek_1,0.015167397435456469,0,0,0,1,0
0,0,1,0,0.1323381134052723,1,2,0.06090065051851212,0.015162061361195599,0,obek_1,0.007847556334042691,0,0,1,0,0
1,0,1,0,0.2298220780812482,3,4,0.05448567434330111,0.035111718428425684,0,obek_1,0.02372083341100282,1,0,0,0,0
1,0,4,1,0.22135307916782263,2,4,0.03325758045385109,0.164538772769168,0,obek_1,0.027920472412232306,1,0,0,0,0
0,0,1,2,0.09695230382593456,0,3,0.05781106908798164,0.14645720190089107,1,obek_1,0.033187255289857685,0,0,0,0,1
0,0,1,2,0.142976784469471,3,0,0.05812259828979262,0.012011268141553545,0,obek_1,0.01942937447190029,0,0,1,0,0
1,1,2,0,0.22202046203083622,3,4,0.06316190030341207,0.12975292608814631,0,obek_1,0.03551402840395121,0,0,0,0,1
1,0,6,1,0.1695189658571847,1,4,0.07205241746771981,0.09504149649337516,0,obek_1,0.009078392071029028,0,1,0,0,0
1,0,2,1,0.10588925682437825,3,4,0.06279239609420681,0.06298560307364359,0,obek_1,0.025696727651509724,0,0,0,1,0
1,0,3,2,0.18031521120736213,3,4,0.04542098044885731,0.12329515352045683,0,obek_1,0.02038950480622278,0,0,0,1,0
1,0,3,2,0.16435149147328015,1,4,0.054881147135318026,0.054944882077480696,0,obek_1,0.014174953546306608,0,0,1,0,0
1,1,4,1,0.1557967744102825,1,4,0.06111654796690691,0.0927225839308972,0,obek_1,0.015608503885325552,0,0,0,1,0
1,0,0,2,0.1465949909352573,1,4,0.0710104571039891,0.15560005076844272,0,obek_1,0.02979076030411154,1,0,0,0,0
1,1,6,1,0.1219607738498101,0,4,0.061202112692683,0.012342962879428241,0,obek_1,0.02108327035893081,0,0,1,0,0
1,0,7,1,0.11277642409477487,1,2,0.044695365655070415,0.08907686851551265,0,obek_1,0.027938903496850277,0,1,0,0,0
0,0,2,0,0.13248937132284033,1,2,0.07994267417522158,0.10826092467189018,0,obek_1,0.022644869593773383,0,0,1,0,0
0,0,2,1,0.06329661428637534,1,2,0.06621377316640417,0.1654975876920529,0,obek_1,0.02818042602160324,0,1,0,0,0
1,0,6,1,0.20937866761047483,3,2,0.06431645429681995,0.03903165054644062,0,obek_1,0.018090667484854633,0,0,1,0,0
1,1,8,1,0.09290236007042027,1,4,0.06519029771757909,0.03522172769336964,0,obek_1,0.009634160344440538,0,0,1,0,0
0,1,2,1,0.15057465840744297,1,2,0.07249033925352855,0.04674600022630489,0,obek_1,0.04735415013238125,0,0,1,0,0
1,1,2,0,0.1269162545351841,0,2,0.05632927423744208,0.11156565735153906,0,obek_1,0.02235001797427455,0,0,1,0,0
1,1,0,0,0.16715963449398508,1,4,0.07617731664784125,0.1364048664578715,0,obek_1,0.02029281631639221,0,0,1,0,0
0,1,2,1,0.109597719947234,1,0,0.05249081445742329,0.08753945906011334,0,obek_1,0.024674444441112574,0,0,1,0,0
1,0,2,0,0.12631285195621647,2,2,0.06231814788218962,0.026430484168842916,0,obek_1,0.019421001216239853,0,0,0,0,1
0,0,7,0,0.1138608258083833,1,2,0.030124243685377722,0.0,0,obek_1,0.030841868520547162,0,0,0,1,0
0,1,2,0,0.1693816507287495,0,2,0.06243924202564505,0.12999260863470335,0,obek_1,0.04189513910526932,0,1,0,0,0
0,1,0,0,0.10323657013868873,0,2,0.052595064611781456,0.07616593170913619,1,obek_1,0.02705192194804444,0,1,0,0,0
1,1,6,1,0.9085468865537415,0,0,0.7451724996867697,0.6029414112126446,0,obek_1,0.3585009596981232,0,1,0,0,0
0,0,0,1,0.14093850208252168,1,2,0.05073162223555423,0.040378381808967814,0,obek_1,0.03579785618837735,1,0,0,0,0
1,1,2,1,0.13412913675531588,1,4,0.05118813231354724,0.07300868741655397,0,obek_1,0.03036408028864712,1,0,0,0,0
1,1,4,1,0.15212326323739864,0,2,0.06795985851807992,0.06080404128943264,0,obek_1,0.026306359119755734,0,0,1,0,0
1,1,3,1,0.06903403227457378,1,2,0.07190622712105318,0.05000162207128673,0,obek_1,0.019617680991636202,0,1,0,0,0
1,0,2,1,0.19775006657502286,1,2,0.05576448412041693,0.06913259302522733,0,obek_1,0.03486123737105588,0,0,0,1,0
0,0,8,2,0.17794809266457814,3,2,0.06987757793746366,0.12122105286410546,0,obek_1,0.03909910976212515,0,1,0,0,0
1,0,5,0,0.1556196102257445,2,2,0.04937137530909924,0.04762422922842377,0,obek_1,0.02587137140846682,0,0,1,0,0
1,1,2,1,0.1407891883259183,1,4,0.04992159973503585,0.11096633218452102,0,obek_1,0.028206554515190746,0,1,0,0,0
0,0,0,0,0.2037614852414169,2,0,0.0574856318749494,0.021705035923687926,0,obek_1,0.02403413510876342,0,0,1,0,0
1,1,1,1,0.2062441847193526,2,4,0.0503846879074555,0.13267993952553564,0,obek_1,0.02197154791299713,0,0,1,0,0
1,0,1,2,0.21618190888249503,0,3,0.04718223591628476,0.10791527317581945,0,obek_1,0.02603697093534125,0,0,0,1,0
0,1,7,0,0.14876989606154484,1,4,0.050530801596325295,0.09190266832769155,0,obek_1,0.008227393936363386,0,0,0,0,1
1,1,5,0,0.12349734632587239,1,2,0.04991076977836115,0.05937669309382647,0,obek_1,0.021986532137105982,1,0,0,0,0
1,0,2,0,0.10588672449704664,3,2,0.03624681659197959,0.25313066228943515,0,obek_1,0.1928845283250106,1,0,0,0,0
0,0,2,0,0.12526160199461436,1,2,0.044086143953822154,0.07268151127354536,0,obek_1,0.0242205343891325,0,0,1,0,0
0,1,3,0,0.21823400448823446,3,2,0.048954586307157794,0.08960758104683011,1,obek_1,0.02512790937229352,0,0,1,0,0
1,0,2,1,0.1497615547714791,0,4,0.05861446917017196,0.042412474384643566,0,obek_1,0.023252446827514796,0,1,0,0,0
1,0,3,1,0.1276164349970384,0,2,0.05125322358895358,0.12619457038348045,0,obek_1,0.02373608596847218,0,1,0,0,0
0,1,3,1,0.10822069003873189,0,2,0.020368186483862558,0.07098458027394822,0,obek_1,0.021149130271783383,0,0,1,0,0
1,0,2,0,0.06754965893053222,2,4,0.0565089496016057,0.030775161229809316,0,obek_1,0.01778323073921223,1,0,0,0,0
1,1,1,1,0.09304892263750586,0,2,0.04710646679567018,0.05789533873212854,0,obek_1,0.02373754460791201,0,0,1,0,0
1,0,1,0,0.1209765593642469,3,2,0.05786144620849408,0.14134035354246952,0,obek_1,0.022803617094576324,1,0,0,0,0
1,1,6,1,0.17930770376118466,1,2,0.04641354621175055,0.09020326920262545,0,obek_1,0.026062192617668282,0,0,0,1,0
1,0,8,1,0.2088901244852812,3,4,0.07422061644711977,0.09397806053018654,0,obek_1,0.03999891057355796,0,0,0,1,0
0,0,2,1,0.21817988017020287,1,2,0.062168410627750234,0.0,0,obek_1,0.026738246910608388,0,1,0,0,0
0,1,3,1,0.1911482770954356,0,0,0.033102274470308155,0.15808832169108794,0,obek_1,0.3557363003851609,1,0,0,0,0
1,1,2,1,0.1221533157179839,2,4,0.045732757696083884,0.0,0,obek_1,0.02941183071427929,1,0,0,0,0
0,0,1,0,0.059486114329671984,3,2,0.0452779750567662,0.09169124711622328,0,obek_1,0.028523883572933173,0,1,0,0,0
1,0,0,0,0.14797848934086522,1,2,0.04213942019682701,0.0454878479905433,0,obek_1,0.026525596598720023,0,0,1,0,0
1,1,1,0,0.11221327906857592,1,3,0.04265233412581648,0.07259103582553608,0,obek_1,0.0210463687146126,0,0,0,1,0
1,0,0,0,0.05588237481576298,1,3,0.05370147340107097,0.0851111344814104,0,obek_1,0.03467928720099763,0,1,0,0,0
1,0,3,0,0.16923938131443023,3,2,0.05565428529836931,0.05108369299496524,0,obek_1,0.005807316943443892,1,0,0,0,0
1,0,1,1,0.16131129362045102,1,4,0.047602727693193014,0.05820910067125066,0,obek_1,0.030058458122664222,0,0,0,1,0
1,0,3,1,0.0,3,4,0.028651365116494215,0.04542123287354674,0,obek_1,0.02698251533446855,1,0,0,0,0
0,1,7,0,0.13031495679382465,1,4,0.04531080129055255,0.058908095126543054,0,obek_1,0.020224017486479125,0,0,0,1,0
1,1,1,0,0.05778279779530383,1,2,0.05758722822401251,0.10456909809802939,0,obek_1,0.011661512511339032,1,0,0,0,0
1,1,4,1,0.15938305521961085,0,4,0.11717556216861336,0.8411428141301722,1,obek_1,0.6188247346161236,1,0,0,0,0
0,1,4,1,0.16589477744796058,3,2,0.06717460046211371,0.03139563887473098,0,obek_1,0.02817294887651533,1,0,0,0,0
1,0,2,1,0.1295928050877902,3,4,0.05617743040427131,0.09501645422403991,0,obek_1,0.029667923194407683,0,0,0,1,0
1,1,3,0,0.12224887531526027,0,4,0.043679794369084646,0.0,0,obek_1,0.019573879955137097,0,0,1,0,0
0,1,3,2,0.20134702193562448,3,2,0.04887644009502169,0.06746924416608763,0,obek_1,0.0016030114319803244,0,0,0,1,0
1,1,8,1,0.11840156575257693,0,2,0.053560294269291445,0.14892397111033556,0,obek_1,0.027873198922056613,1,0,0,0,0
0,0,7,2,0.19076326091838192,1,2,0.06192219426705951,0.06298192810999291,0,obek_1,0.029813748816782913,0,0,1,0,0
1,0,2,2,0.1295079633594782,1,2,0.03585837420064812,0.1344500413804615,0,obek_1,0.03567338286161845,0,0,1,0,0
1,1,2,2,0.08895688551911027,2,2,0.05752409391204065,0.048097875084363945,0,obek_1,0.019983736748105323,0,1,0,0,0
0,1,6,1,0.6124187042696525,0,1,0.6092843208321046,0.6269697505855921,0,obek_1,0.4385337830843026,0,1,0,0,0
1,1,1,2,0.13714605769171015,3,4,0.045521300031130016,0.12338801539337141,0,obek_1,0.016763691627052144,0,0,0,0,1
0,0,0,0,0.2022908473561167,1,2,0.049210997481921426,0.05210831883494818,1,obek_1,0.030882187069863523,0,1,0,0,0
0,0,2,1,0.042607257181639095,3,2,0.051110115341238035,0.06761682566257923,0,obek_1,0.0396607348314416,0,1,0,0,0
0,0,1,0,0.18602607872278099,3,2,0.05552103897341687,0.0058370758098009005,0,obek_1,0.025359521338794738,1,0,0,0,0
0,0,0,0,0.16456278748320227,1,2,0.04641794173482301,0.07863557020677796,0,obek_1,0.023242182719763603,0,1,0,0,0
1,0,2,0,0.14045091131802076,1,4,0.05401121032443991,0.18012664295830913,0,obek_1,0.032947096830784776,0,1,0,0,0
0,1,2,2,0.1586926132785971,2,2,0.05193678492297478,0.10300143107623685,0,obek_1,0.01767558748826499,0,0,1,0,0
1,0,3,0,0.14391536283387207,3,2,0.04904158222798223,0.09014092308463174,0,obek_1,0.019452188930113704,0,1,0,0,0
1,1,4,0,0.18862411548128374,2,2,0.050141961210954156,0.06878109803981645,0,obek_1,0.03371404456037365,0,0,0,0,1
0,0,3,1,0.22083941673589155,3,2,0.07010930174129709,0.03584651813285159,0,obek_1,0.028445470948334495,1,0,0,0,0
0,0,2,0,0.13321399490518282,1,2,0.060743266605303436,0.10385674722804729,0,obek_1,0.03369342401967139,1,0,0,0,0
1,1,3,1,0.1364553091280794,1,4,0.06311683995400114,0.02512936440168656,0,obek_1,0.02755064207729596,0,1,0,0,0
1,0,4,2,0.25034140225925944,1,2,0.05350319601900194,0.0,0,obek_1,0.010264993761236612,0,0,0,1,0
1,0,6,1,0.16380149222224522,1,2,0.07218238095684454,0.08772651792513365,0,obek_1,0.008082842632560684,1,0,0,0,0
1,1,3,2,0.10969659391040981,1,2,0.05122143163242596,0.10816899830914707,0,obek_1,0.02625362801055478,1,0,0,0,0
0,0,2,1,0.18467291136510533,2,2,0.0477451283283343,0.06835607737020212,0,obek_1,0.02104200945868731,0,1,0,0,0
1,1,3,1,0.20009891537603475,1,4,0.05547685299856232,0.026418411422056476,0,obek_1,0.033994724485586165,0,0,1,0,0
0,1,5,1,0.15181914977110295,3,2,0.05521514370605919,0.12518691399908785,0,obek_1,0.017251408468214068,0,0,0,0,1
1,0,3,1,0.17725671358233155,1,2,0.042141333964095515,0.0,0,obek_1,0.0172309114211208,1,0,0,0,0
1,0,1,1,0.17197359805775034,0,4,0.04563511733074413,0.15468653549283462,0,obek_1,0.03168020104678659,0,1,0,0,0
0,0,0,1,0.0842044131425791,1,2,0.07044497636165192,0.05761585589366076,0,obek_1,0.025101059409833183,1,0,0,0,0
1,0,1,0,0.16485296789163673,0,2,0.052546673329513696,0.06084780542307132,0,obek_1,0.03726668295250172,0,0,0,1,0
1,0,7,1,0.1465386173644293,0,4,0.07373568883203024,0.05872995262999812,0,obek_1,0.025968243507828885,0,1,0,0,0
0,1,3,1,0.26413596984445326,2,2,0.053960154967226365,0.04211688009852636,0,obek_1,0.019358218034017105,0,0,0,1,0
1,1,0,1,0.17127858337333784,2,4,0.04597754280177757,0.0607371482922714,0,obek_1,0.020762808201330182,0,0,0,0,1
0,0,1,1,0.20542404983631893,0,2,0.04317668498884117,0.12900476670214603,0,obek_1,0.0234878299941651,0,0,0,1,0
1,0,3,1,0.1230446294871593,1,4,0.0509492904374656,0.048855032349037014,0,obek_1,0.020839531796897237,0,1,0,0,0
0,1,3,0,0.1925815108652537,3,2,0.046398504212723485,0.1048323223955191,0,obek_1,0.02070869396048515,0,0,1,0,0
1,0,2,0,0.1744868865660587,0,4,0.051468304774413484,0.051931542703115924,0,obek_1,0.026313044217169755,0,0,0,0,1
0,0,0,1,0.16344960963723792,0,2,0.047673603251390057,0.08413440302039539,0,obek_1,0.006121264216243122,0,0,1,0,0
0,0,3,1,0.2663968319766174,1,2,0.07068595269351705,0.05716315362584453,0,obek_1,0.022573927360574696,0,0,0,1,0
1,0,6,1,0.03543833456566562,1,2,0.049424651334250544,0.0122318189893277,0,obek_1,0.0065617729248458115,0,0,1,0,0
1,0,1,2,0.10250573043909869,3,2,0.06732305872590238,0.03922836103426969,0,obek_1,0.027475647881020644,0,0,0,1,0
1,0,1,2,0.1611883832807977,2,2,0.035761226330072934,0.09945553595063983,0,obek_1,0.03133105915978794,0,0,1,0,0
1,1,3,1,0.1620956462934127,0,3,0.06799484891657886,0.115771343259489,0,obek_1,0.024911450974410623,0,0,0,1,0
0,1,3,2,0.0582821728891462,1,2,0.027416136819355383,0.10460182832648991,0,obek_1,0.025499623819488726,0,1,0,0,0
0,1,1,0,0.24014118431599799,3,2,0.05650447820976891,0.04695003201026795,0,obek_1,0.0521162525921138,0,0,0,1,0
0,0,8,1,0.10276805818099438,3,2,0.0356759864697012,0.03647450716251998,0,obek_1,0.01900085792243495,0,1,0,0,0
1,0,2,1,0.23809396067455782,2,2,0.05869038749753863,0.033852995722285145,0,obek_1,0.02266866659475697,0,1,0,0,0
1,0,1,1,0.2311862654376686,1,3,0.03926299738538036,0.07980825573705283,0,obek_1,0.023328179691233193,0,0,0,1,0
